symbol,name,master_exchange,sector,industry,price_proxy,previous_close,share_volume,market_cap,one_yr_target,url,json_path
AA,Alcoa Corp,NYSE,Industrials,Aluminum,66.27,66.27,6952379.0,18836459278.0,75.0,https://api.nasdaq.com/api/quote/AA/summary?assetclass=stocks,/home/hermes/market-funnel/nasdaq_summary_archive/20260523T034226Z/symbols/AA/nasdaq_summary.json
AAL,American Airlines Group Inc.,NASDAQ,Consumer Discretionary,Air Freight/Delivery Services,13.59,13.59,99284855.0,9160184147.0,15.0,https://api.nasdaq.com/api/quote/AAL/summary?assetclass=stocks,/home/hermes/market-funnel/nasdaq_summary_archive/20260523T034226Z/symbols/AAL/nasdaq_summary.json
AAP,ADVANCE AUTO PARTS INC,NYSE,Consumer Discretionary,Auto & Home Supply Stores,58.62,58.62,3468940.0,3496077604.0,58.5,https://api.nasdaq.com/api/quote/AAP/summary?assetclass=stocks,/home/hermes/market-funnel/nasdaq_summary_archive/20260523T034226Z/symbols/AAP/nasdaq_summary.json
AAUC,Allied Gold Corp,NYSE,N/A,N/A,26.55,26.55,2847868.0,3439588000.0,32.12,https://api.nasdaq.com/api/quote/AAUC/summary?assetclass=stocks,/home/hermes/market-funnel/nasdaq_summary_archive/20260523T034226Z/symbols/AAUC/nasdaq_summary.json
ACAD,ACADIA PHARMACEUTICALS INC,NASDAQ,Health Care,Biotechnology: Pharmaceutical Preparations,21.32,21.32,1377022.0,3613076857.0,32.0,https://api.nasdaq.com/api/quote/ACAD/summary?assetclass=stocks,/home/hermes/market-funnel/nasdaq_summary_archive/20260523T034226Z/symbols/ACAD/nasdaq_summary.json
ACHC,"Acadia Healthcare Company, Inc.",NASDAQ,Health Care,Medical Specialities,23.02,23.02,2551889.0,2131795686.0,30.0,https://api.nasdaq.com/api/quote/ACHC/summary?assetclass=stocks,/home/hermes/market-funnel/nasdaq_summary_archive/20260523T034226Z/symbols/ACHC/nasdaq_summary.json
ACI,"Albertsons Companies, Inc.",NYSE,Consumer Staples,Food Chains,16.27,16.27,6498357.0,8016409789.0,21.5,https://api.nasdaq.com/api/quote/ACI/summary?assetclass=stocks,/home/hermes/market-funnel/nasdaq_summary_archive/20260523T034226Z/symbols/ACI/nasdaq_summary.json
ACM,AECOM,NYSE,Consumer Discretionary,Military/Government/Technical,70.18,70.18,1944453.0,9258791157.0,99.5,https://api.nasdaq.com/api/quote/ACM/summary?assetclass=stocks,/home/hermes/market-funnel/nasdaq_summary_archive/20260523T034226Z/symbols/ACM/nasdaq_summary.json
ACMR,"ACM Research, Inc.",NASDAQ,Technology,Industrial Machinery/Components,71.59,71.59,1832728.0,4857594361.0,70.0,https://api.nasdaq.com/api/quote/ACMR/summary?assetclass=stocks,/home/hermes/market-funnel/nasdaq_summary_archive/20260523T034226Z/symbols/ACMR/nasdaq_summary.json
ADEA,Adeia Inc.,NASDAQ,Technology,Computer Software: Prepackaged Software,26.36,26.36,1179220.0,2962490098.0,37.5,https://api.nasdaq.com/api/quote/ADEA/summary?assetclass=stocks,/home/hermes/market-funnel/nasdaq_summary_archive/20260523T034226Z/symbols/ADEA/nasdaq_summary.json
ADPT,Adaptive Biotechnologies Corp,NASDAQ,Health Care,Biotechnology: Biological Products (No Diagnostic Substances),13.87,13.87,1235047.0,2221416161.0,20.0,https://api.nasdaq.com/api/quote/ADPT/summary?assetclass=stocks,/home/hermes/market-funnel/nasdaq_summary_archive/20260523T034226Z/symbols/ADPT/nasdaq_summary.json
ADTN,"ADTRAN Holdings, Inc.",NASDAQ,Utilities,Telecommunications Equipment,14.83,14.83,2910537.0,1269240227.0,19.0,https://api.nasdaq.com/api/quote/ADTN/summary?assetclass=stocks,/home/hermes/market-funnel/nasdaq_summary_archive/20260523T034226Z/symbols/ADTN/nasdaq_summary.json
AEO,AMERICAN EAGLE OUTFITTERS INC,NYSE,Consumer Discretionary,Clothing/Shoe/Accessory Stores,16.55,16.55,3580139.0,2769182729.0,22.0,https://api.nasdaq.com/api/quote/AEO/summary?assetclass=stocks,/home/hermes/market-funnel/nasdaq_summary_archive/20260523T034226Z/symbols/AEO/nasdaq_summary.json
AES,AES CORP,NYSE,Utilities,Electric Utilities: Central,14.69,14.69,8783877.0,10469155227.0,15.0,https://api.nasdaq.com/api/quote/AES/summary?assetclass=stocks,/home/hermes/market-funnel/nasdaq_summary_archive/20260523T034226Z/symbols/AES/nasdaq_summary.json
AESI,Atlas Energy Solutions Inc.,NYSE,Industrials,Mining & Quarrying of Nonmetallic Minerals (No Fuels),19.47,19.47,2077856.0,2381949487.0,20.0,https://api.nasdaq.com/api/quote/AESI/summary?assetclass=stocks,/home/hermes/market-funnel/nasdaq_summary_archive/20260523T034226Z/symbols/AESI/nasdaq_summary.json
AEVA,"Aeva Technologies, Inc.",NASDAQ,Consumer Discretionary,Auto Parts:O.E.M.,21.49,21.49,3887434.0,1596193588.0,24.0,https://api.nasdaq.com/api/quote/AEVA/summary?assetclass=stocks,/home/hermes/market-funnel/nasdaq_summary_archive/20260523T034226Z/symbols/AEVA/nasdaq_summary.json
AFRM,"Affirm Holdings, Inc.",NASDAQ,Finance,Finance: Consumer Services,67.18,67.18,5549360.0,21842084409.0,85.0,https://api.nasdaq.com/api/quote/AFRM/summary?assetclass=stocks,/home/hermes/market-funnel/nasdaq_summary_archive/20260523T034226Z/symbols/AFRM/nasdaq_summary.json
AG,FIRST MAJESTIC SILVER CORP,NYSE,Basic Materials,Precious Metals,19.9,19.9,9199669.0,9603818098.0,27.05,https://api.nasdaq.com/api/quote/AG/summary?assetclass=stocks,/home/hermes/market-funnel/nasdaq_summary_archive/20260523T034226Z/symbols/AG/nasdaq_summary.json
AGI,ALAMOS GOLD INC,NYSE,Basic Materials,Precious Metals,39.25,39.25,2208171.0,16101473858.0,60.6,https://api.nasdaq.com/api/quote/AGI/summary?assetclass=stocks,/home/hermes/market-funnel/nasdaq_summary_archive/20260523T034226Z/symbols/AGI/nasdaq_summary.json
AGNC,AGNC Investment Corp.,NASDAQ,Real Estate,Real Estate Investment Trusts,10.26,10.26,11691266.0,11720357867.0,11.0,https://api.nasdaq.com/api/quote/AGNC/summary?assetclass=stocks,/home/hermes/market-funnel/nasdaq_summary_archive/20260523T034226Z/symbols/AGNC/nasdaq_summary.json
AHR,"American Healthcare REIT, Inc.",NYSE,Real Estate,Real Estate Investment Trusts,50.13,50.13,3805841.0,9672732639.0,58.0,https://api.nasdaq.com/api/quote/AHR/summary?assetclass=stocks,/home/hermes/market-funnel/nasdaq_summary_archive/20260523T034226Z/symbols/AHR/nasdaq_summary.json
AIP,"Arteris, Inc.",NASDAQ,Technology,Semiconductors,35.9,35.9,1173775.0,1675119507.0,38.0,https://api.nasdaq.com/api/quote/AIP/summary?assetclass=stocks,/home/hermes/market-funnel/nasdaq_summary_archive/20260523T034226Z/symbols/AIP/nasdaq_summary.json
AKR,ACADIA REALTY TRUST,NYSE,Real Estate,Real Estate Investment Trusts,21.82,21.82,1339703.0,2932036416.0,23.0,https://api.nasdaq.com/api/quote/AKR/summary?assetclass=stocks,/home/hermes/market-funnel/nasdaq_summary_archive/20260523T034226Z/symbols/AKR/nasdaq_summary.json
ALC,ALCON INC,NYSE,Health Care,Ophthalmic Goods,67.93,67.93,2003025.0,33869666000.0,88.0,https://api.nasdaq.com/api/quote/ALC/summary?assetclass=stocks,/home/hermes/market-funnel/nasdaq_summary_archive/20260523T034226Z/symbols/ALC/nasdaq_summary.json
ALGM,"ALLEGRO MICROSYSTEMS, INC.",NASDAQ,Technology,Semiconductors,44.7,44.7,1944065.0,8514115477.0,54.5,https://api.nasdaq.com/api/quote/ALGM/summary?assetclass=stocks,/home/hermes/market-funnel/nasdaq_summary_archive/20260523T034226Z/symbols/ALGM/nasdaq_summary.json
ALHC,"Alignment Healthcare, Inc.",NASDAQ,Health Care,Medical Specialities,16.37,16.37,2803657.0,3380098006.0,25.0,https://api.nasdaq.com/api/quote/ALHC/summary?assetclass=stocks,/home/hermes/market-funnel/nasdaq_summary_archive/20260523T034226Z/symbols/ALHC/nasdaq_summary.json
ALK,"ALASKA AIR GROUP, INC.",NYSE,Consumer Discretionary,Air Freight/Delivery Services,41.09,41.09,2120515.0,4606473951.0,55.0,https://api.nasdaq.com/api/quote/ALK/summary?assetclass=stocks,/home/hermes/market-funnel/nasdaq_summary_archive/20260523T034226Z/symbols/ALK/nasdaq_summary.json
ALLY,Ally Financial Inc.,NYSE,Finance,Major Banks,42.75,42.75,2566572.0,12981251676.0,54.0,https://api.nasdaq.com/api/quote/ALLY/summary?assetclass=stocks,/home/hermes/market-funnel/nasdaq_summary_archive/20260523T034226Z/symbols/ALLY/nasdaq_summary.json
ALM,Almonty Industries Inc.,NASDAQ,Basic Materials,Other Metals and Minerals,18.79,18.79,2871988.0,5294622902.0,23.0,https://api.nasdaq.com/api/quote/ALM/summary?assetclass=stocks,/home/hermes/market-funnel/nasdaq_summary_archive/20260523T034226Z/symbols/ALM/nasdaq_summary.json
AM,Antero Midstream Corp,NYSE,Utilities,Natural Gas Distribution,21.81,21.81,2765911.0,10530306600.0,23.0,https://api.nasdaq.com/api/quote/AM/summary?assetclass=stocks,/home/hermes/market-funnel/nasdaq_summary_archive/20260523T034226Z/symbols/AM/nasdaq_summary.json
AMCR,Amcor plc,NYSE,Consumer Discretionary,Miscellaneous manufacturing industries,38.5,38.5,2881424.0,17744827582.0,49.0,https://api.nasdaq.com/api/quote/AMCR/summary?assetclass=stocks,/home/hermes/market-funnel/nasdaq_summary_archive/20260523T034226Z/symbols/AMCR/nasdaq_summary.json
AMH,American Homes 4 Rent,NYSE,Real Estate,Real Estate Investment Trusts,32.11,32.11,2146447.0,11636419754.0,34.5,https://api.nasdaq.com/api/quote/AMH/summary?assetclass=stocks,/home/hermes/market-funnel/nasdaq_summary_archive/20260523T034226Z/symbols/AMH/nasdaq_summary.json
AMKR,"AMKOR TECHNOLOGY, INC.",NASDAQ,Technology,Semiconductors,65.9,65.9,5895258.0,16297618059.0,70.0,https://api.nasdaq.com/api/quote/AMKR/summary?assetclass=stocks,/home/hermes/market-funnel/nasdaq_summary_archive/20260523T034226Z/symbols/AMKR/nasdaq_summary.json
AMN,AMN HEALTHCARE SERVICES INC,NYSE,Consumer Discretionary,Professional Services,25.65,25.65,1106371.0,1072822198.0,26.0,https://api.nasdaq.com/api/quote/AMN/summary?assetclass=stocks,/home/hermes/market-funnel/nasdaq_summary_archive/20260523T034226Z/symbols/AMN/nasdaq_summary.json
AMPX,"Amprius Technologies, Inc.",NYSE,Miscellaneous,Industrial Machinery/Components,15.3,15.3,7423540.0,2270283535.0,22.0,https://api.nasdaq.com/api/quote/AMPX/summary?assetclass=stocks,/home/hermes/market-funnel/nasdaq_summary_archive/20260523T034226Z/symbols/AMPX/nasdaq_summary.json
AMRZ,Amrize Ltd,NYSE,Industrials,Building Materials,50.49,50.49,2341469.0,27649153620.0,65.0,https://api.nasdaq.com/api/quote/AMRZ/summary?assetclass=stocks,/home/hermes/market-funnel/nasdaq_summary_archive/20260523T034226Z/symbols/AMRZ/nasdaq_summary.json
AMTM,"Amentum Holdings, Inc.",NYSE,Consumer Discretionary,Business Services,23.16,23.16,1467014.0,5675468090.0,35.0,https://api.nasdaq.com/api/quote/AMTM/summary?assetclass=stocks,/home/hermes/market-funnel/nasdaq_summary_archive/20260523T034226Z/symbols/AMTM/nasdaq_summary.json
AMX,AMERICA MOVIL SAB DE CV/,NYSE,Telecommunications,Telecommunications Equipment,26.33,26.33,1457626.0,78674865000.0,27.0,https://api.nasdaq.com/api/quote/AMX/summary?assetclass=stocks,/home/hermes/market-funnel/nasdaq_summary_archive/20260523T034226Z/symbols/AMX/nasdaq_summary.json
AOS,SMITH A O CORP,NYSE,Consumer Discretionary,Consumer Electronics/Appliances,57.17,57.17,1374659.0,7894823583.0,69.0,https://api.nasdaq.com/api/quote/AOS/summary?assetclass=stocks,/home/hermes/market-funnel/nasdaq_summary_archive/20260523T034226Z/symbols/AOS/nasdaq_summary.json
APA,APA Corp,NASDAQ,Energy,Oil & Gas Production,38.34,38.34,3883331.0,13714644808.0,41.0,https://api.nasdaq.com/api/quote/APA/summary?assetclass=stocks,/home/hermes/market-funnel/nasdaq_summary_archive/20260523T034226Z/symbols/APA/nasdaq_summary.json
APG,APi Group Corp,NYSE,Consumer Discretionary,Engineering & Construction,41.5,41.5,1499799.0,18035281182.0,53.0,https://api.nasdaq.com/api/quote/APG/summary?assetclass=stocks,/home/hermes/market-funnel/nasdaq_summary_archive/20260523T034226Z/symbols/APG/nasdaq_summary.json
APLD,Applied Digital Corp.,NASDAQ,Finance,Finance: Consumer Services,48.02,48.02,22215241.0,13108248754.0,46.0,https://api.nasdaq.com/api/quote/APLD/summary?assetclass=stocks,/home/hermes/market-funnel/nasdaq_summary_archive/20260523T034226Z/symbols/APLD/nasdaq_summary.json
APLE,"Apple Hospitality REIT, Inc.",NYSE,Real Estate,Real Estate Investment Trusts,14.51,14.51,1996385.0,3415897506.0,13.25,https://api.nasdaq.com/api/quote/APLE/summary?assetclass=stocks,/home/hermes/market-funnel/nasdaq_summary_archive/20260523T034226Z/symbols/APLE/nasdaq_summary.json
APTV,Aptiv PLC,NYSE,Consumer Discretionary,Auto Parts:O.E.M.,55.85,55.85,2833468.0,12138553429.0,78.5,https://api.nasdaq.com/api/quote/APTV/summary?assetclass=stocks,/home/hermes/market-funnel/nasdaq_summary_archive/20260523T034226Z/symbols/APTV/nasdaq_summary.json
AR,ANTERO RESOURCES Corp,NYSE,Energy,Oil & Gas Production,37.04,37.04,4634064.0,11386473000.0,51.0,https://api.nasdaq.com/api/quote/AR/summary?assetclass=stocks,/home/hermes/market-funnel/nasdaq_summary_archive/20260523T034226Z/symbols/AR/nasdaq_summary.json
ARCC,ARES CAPITAL CORP,NASDAQ,Finance,Finance: Consumer Services,18.74,18.74,4525064.0,13348044689.0,21.0,https://api.nasdaq.com/api/quote/ARCC/summary?assetclass=stocks,/home/hermes/market-funnel/nasdaq_summary_archive/20260523T034226Z/symbols/ARCC/nasdaq_summary.json
ARE,"ALEXANDRIA REAL ESTATE EQUITIES, INC.",NYSE,Real Estate,Real Estate Investment Trusts,47.85,47.85,1394061.0,8429414748.0,52.0,https://api.nasdaq.com/api/quote/ARE/summary?assetclass=stocks,/home/hermes/market-funnel/nasdaq_summary_archive/20260523T034226Z/symbols/ARE/nasdaq_summary.json
ARI,"Apollo Commercial Real Estate Finance, Inc.",NYSE,Real Estate,Real Estate Investment Trusts,10.95,10.95,1396661.0,1453375740.0,11.5,https://api.nasdaq.com/api/quote/ARI/summary?assetclass=stocks,/home/hermes/market-funnel/nasdaq_summary_archive/20260523T034226Z/symbols/ARI/nasdaq_summary.json
ARMK,Aramark,NYSE,Consumer Discretionary,Restaurants,51.63,51.63,2005525.0,13478999691.0,55.0,https://api.nasdaq.com/api/quote/ARMK/summary?assetclass=stocks,/home/hermes/market-funnel/nasdaq_summary_archive/20260523T034226Z/symbols/ARMK/nasdaq_summary.json
AROC,"Archrock, Inc.",NYSE,Utilities,Natural Gas Distribution,36.9,36.9,1199520.0,6528494451.0,41.0,https://api.nasdaq.com/api/quote/AROC/summary?assetclass=stocks,/home/hermes/market-funnel/nasdaq_summary_archive/20260523T034226Z/symbols/AROC/nasdaq_summary.json
ARQT,"Arcutis Biotherapeutics, Inc.",NASDAQ,Health Care,Biotechnology: Pharmaceutical Preparations,21.01,21.01,1163067.0,2609239182.0,35.0,https://api.nasdaq.com/api/quote/ARQT/summary?assetclass=stocks,/home/hermes/market-funnel/nasdaq_summary_archive/20260523T034226Z/symbols/ARQT/nasdaq_summary.json
ARR,"Armour Residential REIT, Inc.",NYSE,Real Estate,Real Estate Investment Trusts,16.72,16.72,2298640.0,2055444142.0,18.25,https://api.nasdaq.com/api/quote/ARR/summary?assetclass=stocks,/home/hermes/market-funnel/nasdaq_summary_archive/20260523T034226Z/symbols/ARR/nasdaq_summary.json
ARX,Accelerant Holdings,NYSE,Finance,Specialty Insurers,16.99,16.99,1498967.0,3763973115.0,17.0,https://api.nasdaq.com/api/quote/ARX/summary?assetclass=stocks,/home/hermes/market-funnel/nasdaq_summary_archive/20260523T034226Z/symbols/ARX/nasdaq_summary.json
AS,"Amer Sports, Inc.",NYSE,Consumer Discretionary,Apparel,35.33,35.33,3613647.0,19663352066.0,49.0,https://api.nasdaq.com/api/quote/AS/summary?assetclass=stocks,/home/hermes/market-funnel/nasdaq_summary_archive/20260523T034226Z/symbols/AS/nasdaq_summary.json
ASB,ASSOCIATED BANC-CORP,NYSE,Finance,Major Banks,28.05,28.05,1219931.0,4648025028.0,31.0,https://api.nasdaq.com/api/quote/ASB/summary?assetclass=stocks,/home/hermes/market-funnel/nasdaq_summary_archive/20260523T034226Z/symbols/ASB/nasdaq_summary.json
ASO,"Academy Sports & Outdoors, Inc.",NASDAQ,Consumer Discretionary,Other Specialty Stores,51.03,51.03,1069993.0,3387967198.0,62.5,https://api.nasdaq.com/api/quote/ASO/summary?assetclass=stocks,/home/hermes/market-funnel/nasdaq_summary_archive/20260523T034226Z/symbols/ASO/nasdaq_summary.json
ASST,"Strive, Inc.",NASDAQ,Technology,Computer Software: Prepackaged Software,18.53,18.53,7804389.0,1330834711.0,26.0,https://api.nasdaq.com/api/quote/ASST/summary?assetclass=stocks,/home/hermes/market-funnel/nasdaq_summary_archive/20260523T034226Z/symbols/ASST/nasdaq_summary.json
ASX,"ASE Technology Holding Co., Ltd.",NYSE,Technology,Semiconductors,32.64,32.64,8163670.0,77518346915.0,39.5,https://api.nasdaq.com/api/quote/ASX/summary?assetclass=stocks,/home/hermes/market-funnel/nasdaq_summary_archive/20260523T034226Z/symbols/ASX/nasdaq_summary.json
ATAT,Atour Lifestyle Holdings Ltd,NASDAQ,Consumer Discretionary,Hotels/Resorts,35.79,35.79,2317668.0,4603701753.0,50.0,https://api.nasdaq.com/api/quote/ATAT/summary?assetclass=stocks,/home/hermes/market-funnel/nasdaq_summary_archive/20260523T034226Z/symbols/ATAT/nasdaq_summary.json
AVEX,AEVEX Corp.,NYSE,Industrials,Aerospace,26.72,26.72,1092484.0,3058598394.0,34.0,https://api.nasdaq.com/api/quote/AVEX/summary?assetclass=stocks,/home/hermes/market-funnel/nasdaq_summary_archive/20260523T034226Z/symbols/AVEX/nasdaq_summary.json
AVNS,"AVANOS MEDICAL, INC.",NYSE,Health Care,Industrial Specialties,24.7,24.7,3552277.0,1152358156.0,,https://api.nasdaq.com/api/quote/AVNS/summary?assetclass=stocks,/home/hermes/market-funnel/nasdaq_summary_archive/20260523T034226Z/symbols/AVNS/nasdaq_summary.json
AXIA,AXIA Energia S.A.,NYSE,Utilities,Electric Utilities: Central,10.95,10.95,1565356.0,30492666840.0,13.55,https://api.nasdaq.com/api/quote/AXIA/summary?assetclass=stocks,/home/hermes/market-funnel/nasdaq_summary_archive/20260523T034226Z/symbols/AXIA/nasdaq_summary.json
AXTA,Axalta Coating Systems Ltd.,NYSE,Consumer Discretionary,Paints/Coatings,29.13,29.13,1476923.0,6253628401.0,35.0,https://api.nasdaq.com/api/quote/AXTA/summary?assetclass=stocks,/home/hermes/market-funnel/nasdaq_summary_archive/20260523T034226Z/symbols/AXTA/nasdaq_summary.json
B,BARRICK MINING CORP,NYSE,Basic Materials,Precious Metals,41.28,41.28,11007675.0,68159680085.0,58.0,https://api.nasdaq.com/api/quote/B/summary?assetclass=stocks,/home/hermes/market-funnel/nasdaq_summary_archive/20260523T034226Z/symbols/B/nasdaq_summary.json
BAC,BANK OF AMERICA CORP /DE/,NYSE,Finance,Major Banks,51.49,51.49,26683694.0,367603395722.0,61.0,https://api.nasdaq.com/api/quote/BAC/summary?assetclass=stocks,/home/hermes/market-funnel/nasdaq_summary_archive/20260523T034226Z/symbols/BAC/nasdaq_summary.json
BALL,BALL Corp,NYSE,Industrials,Containers/Packaging,56.35,56.35,1659033.0,15045590337.0,72.0,https://api.nasdaq.com/api/quote/BALL/summary?assetclass=stocks,/home/hermes/market-funnel/nasdaq_summary_archive/20260523T034226Z/symbols/BALL/nasdaq_summary.json
BAM,Brookfield Asset Management Ltd.,NYSE,Consumer Discretionary,Other Consumer Services,48.54,48.54,3269021.0,78518962571.0,58.0,https://api.nasdaq.com/api/quote/BAM/summary?assetclass=stocks,/home/hermes/market-funnel/nasdaq_summary_archive/20260523T034226Z/symbols/BAM/nasdaq_summary.json
BANC,"BANC OF CALIFORNIA, INC.",NYSE,Finance,Major Banks,18.81,18.81,1863288.0,2891563243.0,23.0,https://api.nasdaq.com/api/quote/BANC/summary?assetclass=stocks,/home/hermes/market-funnel/nasdaq_summary_archive/20260523T034226Z/symbols/BANC/nasdaq_summary.json
BAX,BAXTER INTERNATIONAL INC,NYSE,Health Care,Medical/Dental Instruments,19.03,19.03,7219918.0,9905875573.0,19.0,https://api.nasdaq.com/api/quote/BAX/summary?assetclass=stocks,/home/hermes/market-funnel/nasdaq_summary_archive/20260523T034226Z/symbols/BAX/nasdaq_summary.json
BBIO,"BridgeBio Pharma, Inc.",NASDAQ,Health Care,Biotechnology: Pharmaceutical Preparations,70.28,70.28,1826522.0,13527316362.0,100.5,https://api.nasdaq.com/api/quote/BBIO/summary?assetclass=stocks,/home/hermes/market-funnel/nasdaq_summary_archive/20260523T034226Z/symbols/BBIO/nasdaq_summary.json
BBVA,"BANCO BILBAO VIZCAYA ARGENTARIA, S.A.",NYSE,Finance,Commercial Banks,22.71,22.71,1386938.0,127709629819.0,28.56,https://api.nasdaq.com/api/quote/BBVA/summary?assetclass=stocks,/home/hermes/market-funnel/nasdaq_summary_archive/20260523T034226Z/symbols/BBVA/nasdaq_summary.json
BBWI,"Bath & Body Works, Inc.",NYSE,Consumer Discretionary,Clothing/Shoe/Accessory Stores,17.32,17.32,4057065.0,3576553520.0,25.0,https://api.nasdaq.com/api/quote/BBWI/summary?assetclass=stocks,/home/hermes/market-funnel/nasdaq_summary_archive/20260523T034226Z/symbols/BBWI/nasdaq_summary.json
BBY,BEST BUY CO INC,NYSE,Consumer Discretionary,Consumer Electronics/Video Chains,61.15,61.15,5502332.0,12985144375.0,72.0,https://api.nasdaq.com/api/quote/BBY/summary?assetclass=stocks,/home/hermes/market-funnel/nasdaq_summary_archive/20260523T034226Z/symbols/BBY/nasdaq_summary.json
BCE,BCE INC,NYSE,Telecommunications,Telecommunications Equipment,24.39,24.39,1755412.0,22940135098.0,26.64,https://api.nasdaq.com/api/quote/BCE/summary?assetclass=stocks,/home/hermes/market-funnel/nasdaq_summary_archive/20260523T034226Z/symbols/BCE/nasdaq_summary.json
BCS,BARCLAYS PLC,NYSE,Finance,Commercial Banks,23.97,23.97,3667356.0,82845543948.0,31.0,https://api.nasdaq.com/api/quote/BCS/summary?assetclass=stocks,/home/hermes/market-funnel/nasdaq_summary_archive/20260523T034226Z/symbols/BCS/nasdaq_summary.json
BEAM,Beam Therapeutics Inc.,NASDAQ,Health Care,Biotechnology: Biological Products (No Diagnostic Substances),27.67,27.67,1327563.0,2946460689.0,46.0,https://api.nasdaq.com/api/quote/BEAM/summary?assetclass=stocks,/home/hermes/market-funnel/nasdaq_summary_archive/20260523T034226Z/symbols/BEAM/nasdaq_summary.json
BEKE,KE Holdings Inc.,NYSE,Finance,Real Estate,16.89,16.89,9271099.0,18529374590.0,22.9,https://api.nasdaq.com/api/quote/BEKE/summary?assetclass=stocks,/home/hermes/market-funnel/nasdaq_summary_archive/20260523T034226Z/symbols/BEKE/nasdaq_summary.json
BEN,FRANKLIN RESOURCES INC,NYSE,Finance,Investment Managers,30.86,30.86,2563375.0,16119144765.0,31.0,https://api.nasdaq.com/api/quote/BEN/summary?assetclass=stocks,/home/hermes/market-funnel/nasdaq_summary_archive/20260523T034226Z/symbols/BEN/nasdaq_summary.json
BEP,Brookfield Renewable Partners L.P.,NYSE,Utilities,Electric Utilities: Central,35.35,35.35,1150977.0,24158767911.0,36.0,https://api.nasdaq.com/api/quote/BEP/summary?assetclass=stocks,/home/hermes/market-funnel/nasdaq_summary_archive/20260523T034226Z/symbols/BEP/nasdaq_summary.json
BEPC,Brookfield Renewable Corp,NYSE,Utilities,Electric Utilities: Central,37.62,37.62,1345847.0,14133233775.0,42.0,https://api.nasdaq.com/api/quote/BEPC/summary?assetclass=stocks,/home/hermes/market-funnel/nasdaq_summary_archive/20260523T034226Z/symbols/BEPC/nasdaq_summary.json
BETA,"BETA Technologies, Inc.",NYSE,Industrials,Aerospace,15.97,15.97,2080524.0,3867470878.0,33.0,https://api.nasdaq.com/api/quote/BETA/summary?assetclass=stocks,/home/hermes/market-funnel/nasdaq_summary_archive/20260523T034226Z/symbols/BETA/nasdaq_summary.json
BGC,"BGC Group, Inc.",NASDAQ,Finance,Investment Bankers/Brokers/Service,11.13,11.13,2369800.0,5360643768.0,15.5,https://api.nasdaq.com/api/quote/BGC/summary?assetclass=stocks,/home/hermes/market-funnel/nasdaq_summary_archive/20260523T034226Z/symbols/BGC/nasdaq_summary.json
BILI,Bilibili Inc.,NASDAQ,Technology,EDP Services,17.58,17.58,4715177.0,7178425438.0,30.0,https://api.nasdaq.com/api/quote/BILI/summary?assetclass=stocks,/home/hermes/market-funnel/nasdaq_summary_archive/20260523T034226Z/symbols/BILI/nasdaq_summary.json
BILL,"BILL Holdings, Inc.",NYSE,Technology,EDP Services,36.45,36.45,2518391.0,3599425714.0,55.0,https://api.nasdaq.com/api/quote/BILL/summary?assetclass=stocks,/home/hermes/market-funnel/nasdaq_summary_archive/20260523T034226Z/symbols/BILL/nasdaq_summary.json
BIPC,Brookfield Infrastructure Corp,NYSE,Utilities,Oil & Gas Production,42.15,42.15,1124096.0,5605737395.0,46.0,https://api.nasdaq.com/api/quote/BIPC/summary?assetclass=stocks,/home/hermes/market-funnel/nasdaq_summary_archive/20260523T034226Z/symbols/BIPC/nasdaq_summary.json
BIRK,Birkenstock Holding plc,NYSE,Consumer Discretionary,Shoe Manufacturing,39.67,39.67,4469642.0,7610032597.0,50.0,https://api.nasdaq.com/api/quote/BIRK/summary?assetclass=stocks,/home/hermes/market-funnel/nasdaq_summary_archive/20260523T034226Z/symbols/BIRK/nasdaq_summary.json
BKD,Brookdale Senior Living Inc.,NYSE,Health Care,Hospital/Nursing Management,13.38,13.38,2161361.0,3175904287.0,18.0,https://api.nasdaq.com/api/quote/BKD/summary?assetclass=stocks,/home/hermes/market-funnel/nasdaq_summary_archive/20260523T034226Z/symbols/BKD/nasdaq_summary.json
BKKT,"Bakkt, Inc.",NYSE,Finance,Finance: Consumer Services,12.32,12.32,3406235.0,1553445087.0,20.0,https://api.nasdaq.com/api/quote/BKKT/summary?assetclass=stocks,/home/hermes/market-funnel/nasdaq_summary_archive/20260523T034226Z/symbols/BKKT/nasdaq_summary.json
BKR,Baker Hughes Co,NASDAQ,Consumer Discretionary,Oil and Gas Field Machinery,65.8,65.8,8384060.0,65536058124.0,74.0,https://api.nasdaq.com/api/quote/BKR/summary?assetclass=stocks,/home/hermes/market-funnel/nasdaq_summary_archive/20260523T034226Z/symbols/BKR/nasdaq_summary.json
BKSY,BlackSky Technology Inc.,NYSE,Technology,Radio And Television Broadcasting And Communications Equipment,44.65,44.65,2048128.0,1776409075.0,35.5,https://api.nasdaq.com/api/quote/BKSY/summary?assetclass=stocks,/home/hermes/market-funnel/nasdaq_summary_archive/20260523T034226Z/symbols/BKSY/nasdaq_summary.json
BLDR,"Builders FirstSource, Inc.",NYSE,Consumer Discretionary,RETAIL: Building Materials,73.86,73.86,1919772.0,7975564805.0,95.0,https://api.nasdaq.com/api/quote/BLDR/summary?assetclass=stocks,/home/hermes/market-funnel/nasdaq_summary_archive/20260523T034226Z/symbols/BLDR/nasdaq_summary.json
BLSH,Bullish,NYSE,Finance,Finance: Consumer Services,35.96,35.96,1462344.0,5287631677.0,48.0,https://api.nasdaq.com/api/quote/BLSH/summary?assetclass=stocks,/home/hermes/market-funnel/nasdaq_summary_archive/20260523T034226Z/symbols/BLSH/nasdaq_summary.json
BMNR,"BITMINE IMMERSION TECHNOLOGIES, INC.",NYSE,Finance,Finance: Consumer Services,19.61,19.61,24657548.0,10753610343.0,36.0,https://api.nasdaq.com/api/quote/BMNR/summary?assetclass=stocks,/home/hermes/market-funnel/nasdaq_summary_archive/20260523T034226Z/symbols/BMNR/nasdaq_summary.json
BMRN,BIOMARIN PHARMACEUTICAL INC,NASDAQ,Health Care,Biotechnology: Pharmaceutical Preparations,54.1,54.1,2438397.0,10454755251.0,85.5,https://api.nasdaq.com/api/quote/BMRN/summary?assetclass=stocks,/home/hermes/market-funnel/nasdaq_summary_archive/20260523T034226Z/symbols/BMRN/nasdaq_summary.json
BMY,BRISTOL MYERS SQUIBB CO,NYSE,Health Care,Biotechnology: Pharmaceutical Preparations,59.55,59.55,6489774.0,121421556347.0,63.0,https://api.nasdaq.com/api/quote/BMY/summary?assetclass=stocks,/home/hermes/market-funnel/nasdaq_summary_archive/20260523T034226Z/symbols/BMY/nasdaq_summary.json
BN,BROOKFIELD Corp /ON/,NYSE,Real Estate,Building operators,45.44,45.44,2514048.0,111190512301.0,56.0,https://api.nasdaq.com/api/quote/BN/summary?assetclass=stocks,/home/hermes/market-funnel/nasdaq_summary_archive/20260523T034226Z/symbols/BN/nasdaq_summary.json
BNL,"Broadstone Net Lease, Inc.",NYSE,Real Estate,Real Estate Investment Trusts,20.41,20.41,1181357.0,3912037722.0,21.0,https://api.nasdaq.com/api/quote/BNL/summary?assetclass=stocks,/home/hermes/market-funnel/nasdaq_summary_archive/20260523T034226Z/symbols/BNL/nasdaq_summary.json
BOX,BOX INC,NYSE,Technology,Computer Software: Prepackaged Software,25.4,25.4,1930395.0,3600945221.0,33.0,https://api.nasdaq.com/api/quote/BOX/summary?assetclass=stocks,/home/hermes/market-funnel/nasdaq_summary_archive/20260523T034226Z/symbols/BOX/nasdaq_summary.json
BP,BP PLC,NYSE,Energy,Integrated oil Companies,44.87,44.87,5085496.0,115722838940.0,52.0,https://api.nasdaq.com/api/quote/BP/summary?assetclass=stocks,/home/hermes/market-funnel/nasdaq_summary_archive/20260523T034226Z/symbols/BP/nasdaq_summary.json
BRKR,BRUKER CORP,NASDAQ,Industrials,Biotechnology: Laboratory Analytical Instruments,44.98,44.98,1506458.0,7081293161.0,50.0,https://api.nasdaq.com/api/quote/BRKR/summary?assetclass=stocks,/home/hermes/market-funnel/nasdaq_summary_archive/20260523T034226Z/symbols/BRKR/nasdaq_summary.json
BRO,"BROWN & BROWN, INC.",NYSE,Finance,Specialty Insurers,58.52,58.52,2550312.0,19597964167.0,72.0,https://api.nasdaq.com/api/quote/BRO/summary?assetclass=stocks,/home/hermes/market-funnel/nasdaq_summary_archive/20260523T034226Z/symbols/BRO/nasdaq_summary.json
BROS,Dutch Bros Inc.,NYSE,Consumer Discretionary,Restaurants,53.46,53.46,2878415.0,9102666946.0,75.5,https://api.nasdaq.com/api/quote/BROS/summary?assetclass=stocks,/home/hermes/market-funnel/nasdaq_summary_archive/20260523T034226Z/symbols/BROS/nasdaq_summary.json
BRSL,Brightstar Lottery PLC,NYSE,Consumer Discretionary,Services-Misc. Amusement & Recreation,11.05,11.05,2015267.0,2066400000.0,15.0,https://api.nasdaq.com/api/quote/BRSL/summary?assetclass=stocks,/home/hermes/market-funnel/nasdaq_summary_archive/20260523T034226Z/symbols/BRSL/nasdaq_summary.json
BRUN,Boost Run Inc.,NASDAQ,Technology,EDP Services,25.52,25.52,1090788.0,1940200992.0,,https://api.nasdaq.com/api/quote/BRUN/summary?assetclass=stocks,/home/hermes/market-funnel/nasdaq_summary_archive/20260523T034226Z/symbols/BRUN/nasdaq_summary.json
BRX,Brixmor Property Group Inc.,NYSE,Real Estate,Real Estate Investment Trusts,30.86,30.86,3256196.0,9462841268.0,33.0,https://api.nasdaq.com/api/quote/BRX/summary?assetclass=stocks,/home/hermes/market-funnel/nasdaq_summary_archive/20260523T034226Z/symbols/BRX/nasdaq_summary.json
BRZE,"Braze, Inc.",NASDAQ,Technology,Computer Software: Prepackaged Software,23.41,23.41,3074675.0,2964170596.0,32.0,https://api.nasdaq.com/api/quote/BRZE/summary?assetclass=stocks,/home/hermes/market-funnel/nasdaq_summary_archive/20260523T034226Z/symbols/BRZE/nasdaq_summary.json
BSX,BOSTON SCIENTIFIC CORP,NYSE,Health Care,Medical/Dental Instruments,57.15,57.15,11739979.0,85881602243.0,84.5,https://api.nasdaq.com/api/quote/BSX/summary?assetclass=stocks,/home/hermes/market-funnel/nasdaq_summary_archive/20260523T034226Z/symbols/BSX/nasdaq_summary.json
BSY,BENTLEY SYSTEMS INC,NASDAQ,Technology,Computer Software: Prepackaged Software,33.34,33.34,1898342.0,10073897710.0,45.0,https://api.nasdaq.com/api/quote/BSY/summary?assetclass=stocks,/home/hermes/market-funnel/nasdaq_summary_archive/20260523T034226Z/symbols/BSY/nasdaq_summary.json
BTDR,Bitdeer Technologies Group,NASDAQ,Finance,Finance: Consumer Services,14.92,14.92,7944834.0,3564545016.0,20.0,https://api.nasdaq.com/api/quote/BTDR/summary?assetclass=stocks,/home/hermes/market-funnel/nasdaq_summary_archive/20260523T034226Z/symbols/BTDR/nasdaq_summary.json
BTI,British American Tobacco p.l.c.,NYSE,Health Care,Medicinal Chemicals and Botanical Products,65.73,65.73,2714038.0,142605394037.0,68.5,https://api.nasdaq.com/api/quote/BTI/summary?assetclass=stocks,/home/hermes/market-funnel/nasdaq_summary_archive/20260523T034226Z/symbols/BTI/nasdaq_summary.json
BTSG,"BrightSpring Health Services, Inc.",NASDAQ,Health Care,Medical/Nursing Services,57.99,57.99,1447542.0,11344226283.0,61.5,https://api.nasdaq.com/api/quote/BTSG/summary?assetclass=stocks,/home/hermes/market-funnel/nasdaq_summary_archive/20260523T034226Z/symbols/BTSG/nasdaq_summary.json
BTU,PEABODY ENERGY CORP,NYSE,Energy,Coal Mining,24.41,24.41,2580459.0,2991025412.0,37.0,https://api.nasdaq.com/api/quote/BTU/summary?assetclass=stocks,/home/hermes/market-funnel/nasdaq_summary_archive/20260523T034226Z/symbols/BTU/nasdaq_summary.json
BW,"Babcock & Wilcox Enterprises, Inc.",NYSE,Industrials,Building Products,20.54,20.54,3254261.0,2593486019.0,23.0,https://api.nasdaq.com/api/quote/BW/summary?assetclass=stocks,/home/hermes/market-funnel/nasdaq_summary_archive/20260523T034226Z/symbols/BW/nasdaq_summary.json
BWA,BORGWARNER INC,NYSE,Consumer Discretionary,Auto Parts:O.E.M.,63.55,63.55,4194707.0,13500665417.0,68.0,https://api.nasdaq.com/api/quote/BWA/summary?assetclass=stocks,/home/hermes/market-funnel/nasdaq_summary_archive/20260523T034226Z/symbols/BWA/nasdaq_summary.json
BWIN,"Baldwin Insurance Group, Inc.",NASDAQ,Finance,Specialty Insurers,20.37,20.37,1357332.0,2802879508.0,26.0,https://api.nasdaq.com/api/quote/BWIN/summary?assetclass=stocks,/home/hermes/market-funnel/nasdaq_summary_archive/20260523T034226Z/symbols/BWIN/nasdaq_summary.json
BXP,"BXP, Inc.",NYSE,Real Estate,Real Estate Investment Trusts,60.13,60.13,1062463.0,9614891903.0,67.0,https://api.nasdaq.com/api/quote/BXP/summary?assetclass=stocks,/home/hermes/market-funnel/nasdaq_summary_archive/20260523T034226Z/symbols/BXP/nasdaq_summary.json
BZ,Kanzhun Ltd,NASDAQ,Technology,"Computer Software: Programming, Data Processing",13.8,13.8,6404352.0,6363578416.0,21.0,https://api.nasdaq.com/api/quote/BZ/summary?assetclass=stocks,/home/hermes/market-funnel/nasdaq_summary_archive/20260523T034226Z/symbols/BZ/nasdaq_summary.json
CAE,CAE INC,NYSE,Miscellaneous,Industrial Machinery/Components,26.94,26.94,4671509.0,7453009891.0,36.5,https://api.nasdaq.com/api/quote/CAE/summary?assetclass=stocks,/home/hermes/market-funnel/nasdaq_summary_archive/20260523T034226Z/symbols/CAE/nasdaq_summary.json
CAG,CONAGRA BRANDS INC.,NYSE,Consumer Staples,Packaged Foods,13.38,13.38,11621997.0,6487607835.0,15.0,https://api.nasdaq.com/api/quote/CAG/summary?assetclass=stocks,/home/hermes/market-funnel/nasdaq_summary_archive/20260523T034226Z/symbols/CAG/nasdaq_summary.json
CAI,"Caris Life Sciences, Inc.",NASDAQ,Health Care,Medical Specialities,15.94,15.94,1809011.0,4395684807.0,28.0,https://api.nasdaq.com/api/quote/CAI/summary?assetclass=stocks,/home/hermes/market-funnel/nasdaq_summary_archive/20260523T034226Z/symbols/CAI/nasdaq_summary.json
CALY,Callaway Golf Co,NYSE,Consumer Discretionary,Recreational Games/Products/Toys,15.88,15.88,6561800.0,2764671319.0,17.5,https://api.nasdaq.com/api/quote/CALY/summary?assetclass=stocks,/home/hermes/market-funnel/nasdaq_summary_archive/20260523T034226Z/symbols/CALY/nasdaq_summary.json
CARG,"CarGurus, Inc.",NASDAQ,Technology,EDP Services,27.6,27.6,1397214.0,2546883648.0,38.0,https://api.nasdaq.com/api/quote/CARG/summary?assetclass=stocks,/home/hermes/market-funnel/nasdaq_summary_archive/20260523T034226Z/symbols/CARG/nasdaq_summary.json
CARR,CARRIER GLOBAL Corp,NYSE,Industrials,Industrial Machinery/Components,62.18,62.18,4927017.0,52775182709.0,76.0,https://api.nasdaq.com/api/quote/CARR/summary?assetclass=stocks,/home/hermes/market-funnel/nasdaq_summary_archive/20260523T034226Z/symbols/CARR/nasdaq_summary.json
CART,Maplebear Inc.,NASDAQ,Consumer Discretionary,Business Services,40.09,40.09,3212778.0,9687928933.0,50.0,https://api.nasdaq.com/api/quote/CART/summary?assetclass=stocks,/home/hermes/market-funnel/nasdaq_summary_archive/20260523T034226Z/symbols/CART/nasdaq_summary.json
CC,Chemours Co,NYSE,Industrials,Major Chemicals,21.44,21.44,2042307.0,3213571641.0,25.0,https://api.nasdaq.com/api/quote/CC/summary?assetclass=stocks,/home/hermes/market-funnel/nasdaq_summary_archive/20260523T034226Z/symbols/CC/nasdaq_summary.json
CCL,Carnival Corp Ltd.,NYSE,Consumer Discretionary,Marine Transportation,26.18,26.18,17161642.0,37099851757.0,35.0,https://api.nasdaq.com/api/quote/CCL/summary?assetclass=stocks,/home/hermes/market-funnel/nasdaq_summary_archive/20260523T034226Z/symbols/CCL/nasdaq_summary.json
CDE,"Coeur Mining, Inc.",NYSE,Basic Materials,Precious Metals,17.83,17.83,13089829.0,18238424805.0,26.5,https://api.nasdaq.com/api/quote/CDE/summary?assetclass=stocks,/home/hermes/market-funnel/nasdaq_summary_archive/20260523T034226Z/symbols/CDE/nasdaq_summary.json
CE,Celanese Corp,NYSE,Industrials,Major Chemicals,52.9,52.9,1729506.0,5745220418.0,72.0,https://api.nasdaq.com/api/quote/CE/summary?assetclass=stocks,/home/hermes/market-funnel/nasdaq_summary_archive/20260523T034226Z/symbols/CE/nasdaq_summary.json
CELH,"Celsius Holdings, Inc.",NASDAQ,Consumer Staples,Beverages (Production/Distribution),29.7,29.7,7638723.0,7699887643.0,66.0,https://api.nasdaq.com/api/quote/CELH/summary?assetclass=stocks,/home/hermes/market-funnel/nasdaq_summary_archive/20260523T034226Z/symbols/CELH/nasdaq_summary.json
CENX,CENTURY ALUMINUM CO,NASDAQ,Industrials,Aluminum,60.46,60.46,2037892.0,6438261757.0,77.0,https://api.nasdaq.com/api/quote/CENX/summary?assetclass=stocks,/home/hermes/market-funnel/nasdaq_summary_archive/20260523T034226Z/symbols/CENX/nasdaq_summary.json
CFG,CITIZENS FINANCIAL GROUP INC/RI,NYSE,Finance,Major Banks,62.78,62.78,2741202.0,26595045332.0,72.5,https://api.nasdaq.com/api/quote/CFG/summary?assetclass=stocks,/home/hermes/market-funnel/nasdaq_summary_archive/20260523T034226Z/symbols/CFG/nasdaq_summary.json
CG,Carlyle Group Inc.,NASDAQ,Finance,Investment Managers,45.13,45.13,2306935.0,16353638219.0,63.0,https://api.nasdaq.com/api/quote/CG/summary?assetclass=stocks,/home/hermes/market-funnel/nasdaq_summary_archive/20260523T034226Z/symbols/CG/nasdaq_summary.json
CGAU,Centerra Gold Inc.,NYSE,Basic Materials,Precious Metals,16.61,16.61,1152904.0,3289228987.0,24.09,https://api.nasdaq.com/api/quote/CGAU/summary?assetclass=stocks,/home/hermes/market-funnel/nasdaq_summary_archive/20260523T034226Z/symbols/CGAU/nasdaq_summary.json
CGNX,COGNEX CORP,NASDAQ,Industrials,Industrial Machinery/Components,64.27,64.27,2040456.0,10998661517.0,75.0,https://api.nasdaq.com/api/quote/CGNX/summary?assetclass=stocks,/home/hermes/market-funnel/nasdaq_summary_archive/20260523T034226Z/symbols/CGNX/nasdaq_summary.json
CHWY,"Chewy, Inc.",NYSE,Consumer Discretionary,Catalog/Specialty Distribution,19.93,19.93,6943648.0,8637713464.0,43.5,https://api.nasdaq.com/api/quote/CHWY/summary?assetclass=stocks,/home/hermes/market-funnel/nasdaq_summary_archive/20260523T034226Z/symbols/CHWY/nasdaq_summary.json
CHYM,"Chime Financial, Inc.",NASDAQ,Finance,Finance: Consumer Services,18.12,18.12,2887200.0,6782140674.0,30.0,https://api.nasdaq.com/api/quote/CHYM/summary?assetclass=stocks,/home/hermes/market-funnel/nasdaq_summary_archive/20260523T034226Z/symbols/CHYM/nasdaq_summary.json
CIFR,Cipher Digital Inc.,NASDAQ,Finance,Finance: Consumer Services,21.52,21.52,19436524.0,8986810858.0,28.0,https://api.nasdaq.com/api/quote/CIFR/summary?assetclass=stocks,/home/hermes/market-funnel/nasdaq_summary_archive/20260523T034226Z/symbols/CIFR/nasdaq_summary.json
CLBT,Cellebrite DI Ltd.,NASDAQ,Technology,Computer Software: Prepackaged Software,13.17,13.17,1440754.0,3287616788.0,20.5,https://api.nasdaq.com/api/quote/CLBT/summary?assetclass=stocks,/home/hermes/market-funnel/nasdaq_summary_archive/20260523T034226Z/symbols/CLBT/nasdaq_summary.json
CLF,CLEVELAND-CLIFFS INC.,NYSE,Basic Materials,Metal Mining,10.7,10.7,16229406.0,6405756598.0,10.0,https://api.nasdaq.com/api/quote/CLF/summary?assetclass=stocks,/home/hermes/market-funnel/nasdaq_summary_archive/20260523T034226Z/symbols/CLF/nasdaq_summary.json
CLSK,"CLEANSPARK, INC.",NASDAQ,Finance,Finance: Consumer Services,15.76,15.76,21146824.0,4098039438.0,21.5,https://api.nasdaq.com/api/quote/CLSK/summary?assetclass=stocks,/home/hermes/market-funnel/nasdaq_summary_archive/20260523T034226Z/symbols/CLSK/nasdaq_summary.json
CMBT,CMB.TECH NV,NYSE,Consumer Discretionary,Marine Transportation,17.16,17.16,1646809.0,5324223352.0,16.0,https://api.nasdaq.com/api/quote/CMBT/summary?assetclass=stocks,/home/hermes/market-funnel/nasdaq_summary_archive/20260523T034226Z/symbols/CMBT/nasdaq_summary.json
CMCSA,COMCAST CORP,NASDAQ,Telecommunications,Cable & Other Pay Television Services,25.08,25.08,26578102.0,90078170151.0,32.79,https://api.nasdaq.com/api/quote/CMCSA/summary?assetclass=stocks,/home/hermes/market-funnel/nasdaq_summary_archive/20260523T034226Z/symbols/CMCSA/nasdaq_summary.json
CMG,CHIPOTLE MEXICAN GRILL INC,NYSE,Consumer Discretionary,Restaurants,32.8,32.8,18632034.0,42189121260.0,44.0,https://api.nasdaq.com/api/quote/CMG/summary?assetclass=stocks,/home/hermes/market-funnel/nasdaq_summary_archive/20260523T034226Z/symbols/CMG/nasdaq_summary.json
CMPS,COMPASS Pathways plc,NASDAQ,Health Care,Biotechnology: Pharmaceutical Preparations,11.59,11.59,3871019.0,1593751469.0,18.0,https://api.nasdaq.com/api/quote/CMPS/summary?assetclass=stocks,/home/hermes/market-funnel/nasdaq_summary_archive/20260523T034226Z/symbols/CMPS/nasdaq_summary.json
CMS,CMS ENERGY CORP,NYSE,Utilities,Power Generation,73.64,73.64,2154140.0,23023777937.0,82.0,https://api.nasdaq.com/api/quote/CMS/summary?assetclass=stocks,/home/hermes/market-funnel/nasdaq_summary_archive/20260523T034226Z/symbols/CMS/nasdaq_summary.json
CNC,CENTENE CORP,NYSE,Health Care,Medical Specialities,57.77,57.77,2917631.0,29203154580.0,55.5,https://api.nasdaq.com/api/quote/CNC/summary?assetclass=stocks,/home/hermes/market-funnel/nasdaq_summary_archive/20260523T034226Z/symbols/CNC/nasdaq_summary.json
CNH,CNH Industrial N.V.,NYSE,Industrials,Construction/Ag Equipment/Trucks,10.15,10.15,8424691.0,12535899929.0,12.0,https://api.nasdaq.com/api/quote/CNH/summary?assetclass=stocks,/home/hermes/market-funnel/nasdaq_summary_archive/20260523T034226Z/symbols/CNH/nasdaq_summary.json
CNK,"Cinemark Holdings, Inc.",NYSE,Consumer Discretionary,Movies/Entertainment,26.6,26.6,2247399.0,3086700470.0,36.0,https://api.nasdaq.com/api/quote/CNK/summary?assetclass=stocks,/home/hermes/market-funnel/nasdaq_summary_archive/20260523T034226Z/symbols/CNK/nasdaq_summary.json
CNM,"Core & Main, Inc.",NYSE,Consumer Discretionary,Durable Goods,47.16,47.16,1342153.0,9193539606.0,62.5,https://api.nasdaq.com/api/quote/CNM/summary?assetclass=stocks,/home/hermes/market-funnel/nasdaq_summary_archive/20260523T034226Z/symbols/CNM/nasdaq_summary.json
CNP,CENTERPOINT ENERGY INC,NYSE,Utilities,Electric Utilities: Central,42.47,42.47,4955621.0,28018078828.0,47.0,https://api.nasdaq.com/api/quote/CNP/summary?assetclass=stocks,/home/hermes/market-funnel/nasdaq_summary_archive/20260523T034226Z/symbols/CNP/nasdaq_summary.json
CNQ,CANADIAN NATURAL RESOURCES LTD,NYSE,Energy,Oil & Gas Production,48.69,48.69,7172261.0,101399098920.0,51.6,https://api.nasdaq.com/api/quote/CNQ/summary?assetclass=stocks,/home/hermes/market-funnel/nasdaq_summary_archive/20260523T034226Z/symbols/CNQ/nasdaq_summary.json
CNX,CNX Resources Corp,NYSE,Energy,Oil & Gas Production,35.55,35.55,1002097.0,4995573844.0,38.0,https://api.nasdaq.com/api/quote/CNX/summary?assetclass=stocks,/home/hermes/market-funnel/nasdaq_summary_archive/20260523T034226Z/symbols/CNX/nasdaq_summary.json
COGT,"Cogent Biosciences, Inc.",NASDAQ,Health Care,Biotechnology: Pharmaceutical Preparations,32.58,32.58,1966942.0,5582257691.0,55.0,https://api.nasdaq.com/api/quote/COGT/summary?assetclass=stocks,/home/hermes/market-funnel/nasdaq_summary_archive/20260523T034226Z/symbols/COGT/nasdaq_summary.json
COLB,"COLUMBIA BANKING SYSTEM, INC.",NASDAQ,Finance,Major Banks,29.62,29.62,1438202.0,8606548581.0,32.0,https://api.nasdaq.com/api/quote/COLB/summary?assetclass=stocks,/home/hermes/market-funnel/nasdaq_summary_archive/20260523T034226Z/symbols/COLB/nasdaq_summary.json
COLD,AMERICOLD REALTY TRUST,NYSE,Real Estate,Real Estate Investment Trusts,14.44,14.44,3712582.0,4225382630.0,15.0,https://api.nasdaq.com/api/quote/COLD/summary?assetclass=stocks,/home/hermes/market-funnel/nasdaq_summary_archive/20260523T034226Z/symbols/COLD/nasdaq_summary.json
COO,"COOPER COMPANIES, INC.",NASDAQ,Health Care,Ophthalmic Goods,62.85,62.85,1536859.0,12204405595.0,95.0,https://api.nasdaq.com/api/quote/COO/summary?assetclass=stocks,/home/hermes/market-funnel/nasdaq_summary_archive/20260523T034226Z/symbols/COO/nasdaq_summary.json
CORZ,"Core Scientific, Inc./tx",NASDAQ,Finance,Finance: Consumer Services,24.82,24.82,11584770.0,8029782476.0,28.5,https://api.nasdaq.com/api/quote/CORZ/summary?assetclass=stocks,/home/hermes/market-funnel/nasdaq_summary_archive/20260523T034226Z/symbols/CORZ/nasdaq_summary.json
CPB,CAMPBELL'S Co,NASDAQ,Consumer Staples,Packaged Foods,20.05,20.05,6885310.0,6135854723.0,21.0,https://api.nasdaq.com/api/quote/CPB/summary?assetclass=stocks,/home/hermes/market-funnel/nasdaq_summary_archive/20260523T034226Z/symbols/CPB/nasdaq_summary.json
CPNG,"Coupang, Inc.",NYSE,Consumer Discretionary,Catalog/Specialty Distribution,15.73,15.73,16372274.0,28936434920.0,28.0,https://api.nasdaq.com/api/quote/CPNG/summary?assetclass=stocks,/home/hermes/market-funnel/nasdaq_summary_archive/20260523T034226Z/symbols/CPNG/nasdaq_summary.json
CPRI,Capri Holdings Ltd,NYSE,Consumer Discretionary,Apparel,18.38,18.38,2465338.0,2202111265.0,24.0,https://api.nasdaq.com/api/quote/CPRI/summary?assetclass=stocks,/home/hermes/market-funnel/nasdaq_summary_archive/20260523T034226Z/symbols/CPRI/nasdaq_summary.json
CPRT,COPART INC,NASDAQ,Consumer Discretionary,Retail-Auto Dealers and Gas Stations,34.4,34.4,15033354.0,32550190431.0,47.0,https://api.nasdaq.com/api/quote/CPRT/summary?assetclass=stocks,/home/hermes/market-funnel/nasdaq_summary_archive/20260523T034226Z/symbols/CPRT/nasdaq_summary.json
CPRX,"CATALYST PHARMACEUTICALS, INC.",NASDAQ,Health Care,Biotechnology: Pharmaceutical Preparations,31.28,31.28,1993318.0,3825629810.0,32.0,https://api.nasdaq.com/api/quote/CPRX/summary?assetclass=stocks,/home/hermes/market-funnel/nasdaq_summary_archive/20260523T034226Z/symbols/CPRX/nasdaq_summary.json
CRBG,"Corebridge Financial, Inc.",NYSE,Finance,Life Insurance,27.65,27.65,5740011.0,12669776777.0,35.0,https://api.nasdaq.com/api/quote/CRBG/summary?assetclass=stocks,/home/hermes/market-funnel/nasdaq_summary_archive/20260523T034226Z/symbols/CRBG/nasdaq_summary.json
CRGY,Crescent Energy Co,NYSE,Energy,Oil & Gas Production,13.1,13.1,6512950.0,4359321490.0,18.0,https://api.nasdaq.com/api/quote/CRGY/summary?assetclass=stocks,/home/hermes/market-funnel/nasdaq_summary_archive/20260523T034226Z/symbols/CRGY/nasdaq_summary.json
CRK,COMSTOCK RESOURCES INC,NYSE,Energy,Oil & Gas Production,14.11,14.11,3409030.0,4094119898.0,19.0,https://api.nasdaq.com/api/quote/CRK/summary?assetclass=stocks,/home/hermes/market-funnel/nasdaq_summary_archive/20260523T034226Z/symbols/CRK/nasdaq_summary.json
CRML,Critical Metals Corp.,NASDAQ,Basic Materials,Metal Mining,11.14,11.14,10149001.0,1385988853.0,20.0,https://api.nasdaq.com/api/quote/CRML/summary?assetclass=stocks,/home/hermes/market-funnel/nasdaq_summary_archive/20260523T034226Z/symbols/CRML/nasdaq_summary.json
CRSP,CRISPR Therapeutics AG,NASDAQ,Health Care,Biotechnology: Biological Products (No Diagnostic Substances),49.9,49.9,1550761.0,4857161165.0,76.0,https://api.nasdaq.com/api/quote/CRSP/summary?assetclass=stocks,/home/hermes/market-funnel/nasdaq_summary_archive/20260523T034226Z/symbols/CRSP/nasdaq_summary.json
CRVS,"Corvus Pharmaceuticals, Inc.",NASDAQ,Health Care,Biotechnology: Pharmaceutical Preparations,13.08,13.08,1180605.0,1060380247.0,31.5,https://api.nasdaq.com/api/quote/CRVS/summary?assetclass=stocks,/home/hermes/market-funnel/nasdaq_summary_archive/20260523T034226Z/symbols/CRVS/nasdaq_summary.json
CSGP,"COSTAR GROUP, INC.",NASDAQ,Finance,Real Estate,33.93,33.93,4615991.0,13863676524.0,48.0,https://api.nasdaq.com/api/quote/CSGP/summary?assetclass=stocks,/home/hermes/market-funnel/nasdaq_summary_archive/20260523T034226Z/symbols/CSGP/nasdaq_summary.json
CSIQ,Canadian Solar Inc.,NASDAQ,Technology,Semiconductors,18.1,18.1,3248167.0,1280379749.0,15.15,https://api.nasdaq.com/api/quote/CSIQ/summary?assetclass=stocks,/home/hermes/market-funnel/nasdaq_summary_archive/20260523T034226Z/symbols/CSIQ/nasdaq_summary.json
CSTM,CONSTELLIUM SE,NYSE,Industrials,Metal Fabrications,32.04,32.04,3138873.0,4525640958.0,38.0,https://api.nasdaq.com/api/quote/CSTM/summary?assetclass=stocks,/home/hermes/market-funnel/nasdaq_summary_archive/20260523T034226Z/symbols/CSTM/nasdaq_summary.json
CSX,CSX CORP,NASDAQ,Industrials,Railroads,45.9,45.9,10761693.0,84582480725.0,47.0,https://api.nasdaq.com/api/quote/CSX/summary?assetclass=stocks,/home/hermes/market-funnel/nasdaq_summary_archive/20260523T034226Z/symbols/CSX/nasdaq_summary.json
CTRE,"CareTrust REIT, Inc.",NYSE,Real Estate,Real Estate Investment Trusts,41.01,41.01,1714078.0,9718923268.0,42.5,https://api.nasdaq.com/api/quote/CTRE/summary?assetclass=stocks,/home/hermes/market-funnel/nasdaq_summary_archive/20260523T034226Z/symbols/CTRE/nasdaq_summary.json
CTRI,"Centuri Holdings, Inc.",NYSE,Utilities,Oil & Gas Production,30.18,30.18,1099029.0,3048226792.0,36.0,https://api.nasdaq.com/api/quote/CTRI/summary?assetclass=stocks,/home/hermes/market-funnel/nasdaq_summary_archive/20260523T034226Z/symbols/CTRI/nasdaq_summary.json
CTSH,COGNIZANT TECHNOLOGY SOLUTIONS CORP,NASDAQ,Technology,EDP Services,52.32,52.32,9236272.0,24996614490.0,70.0,https://api.nasdaq.com/api/quote/CTSH/summary?assetclass=stocks,/home/hermes/market-funnel/nasdaq_summary_archive/20260523T034226Z/symbols/CTSH/nasdaq_summary.json
CUBE,CubeSmart,NYSE,Real Estate,Real Estate Investment Trusts,40.11,40.11,1364626.0,9072394154.0,42.5,https://api.nasdaq.com/api/quote/CUBE/summary?assetclass=stocks,/home/hermes/market-funnel/nasdaq_summary_archive/20260523T034226Z/symbols/CUBE/nasdaq_summary.json
CUZ,COUSINS PROPERTIES INC,NYSE,Real Estate,Real Estate Investment Trusts,26.42,26.42,1260637.0,4360318825.0,28.0,https://api.nasdaq.com/api/quote/CUZ/summary?assetclass=stocks,/home/hermes/market-funnel/nasdaq_summary_archive/20260523T034226Z/symbols/CUZ/nasdaq_summary.json
CVBF,CVB FINANCIAL CORP,NASDAQ,Finance,Major Banks,20.32,20.32,1497754.0,3590863239.0,23.0,https://api.nasdaq.com/api/quote/CVBF/summary?assetclass=stocks,/home/hermes/market-funnel/nasdaq_summary_archive/20260523T034226Z/symbols/CVBF/nasdaq_summary.json
CVE,CENOVUS ENERGY INC.,NYSE,Energy,Oil & Gas Production,30.3,30.3,7378280.0,56343750000.0,32.12,https://api.nasdaq.com/api/quote/CVE/summary?assetclass=stocks,/home/hermes/market-funnel/nasdaq_summary_archive/20260523T034226Z/symbols/CVE/nasdaq_summary.json
CVNA,CARVANA CO.,NYSE,Consumer Discretionary,Retail-Auto Dealers and Gas Stations,64.39,64.39,9368571.0,74891944327.0,94.0,https://api.nasdaq.com/api/quote/CVNA/summary?assetclass=stocks,/home/hermes/market-funnel/nasdaq_summary_archive/20260523T034226Z/symbols/CVNA/nasdaq_summary.json
CWAN,"Clearwater Analytics Holdings, Inc.",NYSE,Technology,Computer Software: Prepackaged Software,24.36,24.36,1318554.0,7259235237.0,24.55,https://api.nasdaq.com/api/quote/CWAN/summary?assetclass=stocks,/home/hermes/market-funnel/nasdaq_summary_archive/20260523T034226Z/symbols/CWAN/nasdaq_summary.json
CWK,Cushman & Wakefield Ltd.,NYSE,Finance,Real Estate,12.82,12.82,1294507.0,3020133509.0,18.5,https://api.nasdaq.com/api/quote/CWK/summary?assetclass=stocks,/home/hermes/market-funnel/nasdaq_summary_archive/20260523T034226Z/symbols/CWK/nasdaq_summary.json
CX,CEMEX SAB DE CV,NYSE,Industrials,Building Materials,12.59,12.59,5796215.0,19039906404.0,14.62,https://api.nasdaq.com/api/quote/CX/summary?assetclass=stocks,/home/hermes/market-funnel/nasdaq_summary_archive/20260523T034226Z/symbols/CX/nasdaq_summary.json
CZR,"Caesars Entertainment, Inc.",NASDAQ,Consumer Discretionary,Hotels/Resorts,27.9,27.9,3589468.0,5798682197.0,35.0,https://api.nasdaq.com/api/quote/CZR/summary?assetclass=stocks,/home/hermes/market-funnel/nasdaq_summary_archive/20260523T034226Z/symbols/CZR/nasdaq_summary.json
D,"DOMINION ENERGY, INC",NYSE,Utilities,Electric Utilities: Central,68.29,68.29,6459933.0,59512747121.0,67.0,https://api.nasdaq.com/api/quote/D/summary?assetclass=stocks,/home/hermes/market-funnel/nasdaq_summary_archive/20260523T034226Z/symbols/D/nasdaq_summary.json
DAR,DARLING INGREDIENTS INC.,NYSE,Consumer Staples,Packaged Foods,57.86,57.86,1965398.0,9313143472.0,77.0,https://api.nasdaq.com/api/quote/DAR/summary?assetclass=stocks,/home/hermes/market-funnel/nasdaq_summary_archive/20260523T034226Z/symbols/DAR/nasdaq_summary.json
DB,DEUTSCHE BANK AKTIENGESELLSCHAFT,NYSE,Finance,Major Banks,32.9,32.9,2051353.0,61013802000.0,44.0,https://api.nasdaq.com/api/quote/DB/summary?assetclass=stocks,/home/hermes/market-funnel/nasdaq_summary_archive/20260523T034226Z/symbols/DB/nasdaq_summary.json
DBRG,"DigitalBridge Group, Inc.",NYSE,Real Estate,Real Estate Investment Trusts,15.7,15.7,1313047.0,2865070121.0,16.0,https://api.nasdaq.com/api/quote/DBRG/summary?assetclass=stocks,/home/hermes/market-funnel/nasdaq_summary_archive/20260523T034226Z/symbols/DBRG/nasdaq_summary.json
DBX,"DROPBOX, INC.",NASDAQ,Technology,Computer Software: Prepackaged Software,27.25,27.25,2273883.0,6399436802.0,28.0,https://api.nasdaq.com/api/quote/DBX/summary?assetclass=stocks,/home/hermes/market-funnel/nasdaq_summary_archive/20260523T034226Z/symbols/DBX/nasdaq_summary.json
DD,"DuPont de Nemours, Inc.",NYSE,Industrials,Major Chemicals,47.15,47.15,2276946.0,19725413245.0,56.5,https://api.nasdaq.com/api/quote/DD/summary?assetclass=stocks,/home/hermes/market-funnel/nasdaq_summary_archive/20260523T034226Z/symbols/DD/nasdaq_summary.json
DEI,Douglas Emmett Inc,NYSE,Real Estate,Real Estate Investment Trusts,11.46,11.46,1581979.0,1919381160.0,12.5,https://api.nasdaq.com/api/quote/DEI/summary?assetclass=stocks,/home/hermes/market-funnel/nasdaq_summary_archive/20260523T034226Z/symbols/DEI/nasdaq_summary.json
DFTX,"Definium Therapeutics, Inc.",NASDAQ,Health Care,Medicinal Chemicals and Botanical Products,22.65,22.65,1277898.0,2454002618.0,38.0,https://api.nasdaq.com/api/quote/DFTX/summary?assetclass=stocks,/home/hermes/market-funnel/nasdaq_summary_archive/20260523T034226Z/symbols/DFTX/nasdaq_summary.json
DHT,"DHT Holdings, Inc.",NYSE,Consumer Discretionary,Marine Transportation,17.76,17.76,2404221.0,2798903651.0,20.0,https://api.nasdaq.com/api/quote/DHT/summary?assetclass=stocks,/home/hermes/market-funnel/nasdaq_summary_archive/20260523T034226Z/symbols/DHT/nasdaq_summary.json
DINO,HF Sinclair Corp,NYSE,Energy,Natural Gas Distribution,68.39,68.39,1192019.0,12603055801.0,74.0,https://api.nasdaq.com/api/quote/DINO/summary?assetclass=stocks,/home/hermes/market-funnel/nasdaq_summary_archive/20260523T034226Z/symbols/DINO/nasdaq_summary.json
DKNG,DraftKings Inc.,NASDAQ,Consumer Discretionary,Services-Misc. Amusement & Recreation,25.4,25.4,9815667.0,12462755883.0,31.5,https://api.nasdaq.com/api/quote/DKNG/summary?assetclass=stocks,/home/hermes/market-funnel/nasdaq_summary_archive/20260523T034226Z/symbols/DKNG/nasdaq_summary.json
DLO,dLocal Ltd,NASDAQ,Consumer Discretionary,Business Services,12.24,12.24,2797295.0,3556879389.0,17.0,https://api.nasdaq.com/api/quote/DLO/summary?assetclass=stocks,/home/hermes/market-funnel/nasdaq_summary_archive/20260523T034226Z/symbols/DLO/nasdaq_summary.json
DNLI,Denali Therapeutics Inc.,NASDAQ,Health Care,Biotechnology: Biological Products (No Diagnostic Substances),19.3,19.3,3557346.0,2958349498.0,37.0,https://api.nasdaq.com/api/quote/DNLI/summary?assetclass=stocks,/home/hermes/market-funnel/nasdaq_summary_archive/20260523T034226Z/symbols/DNLI/nasdaq_summary.json
DNOW,DNOW Inc.,NYSE,Consumer Discretionary,Oil and Gas Field Machinery,12.89,12.89,2192458.0,2385876011.0,16.0,https://api.nasdaq.com/api/quote/DNOW/summary?assetclass=stocks,/home/hermes/market-funnel/nasdaq_summary_archive/20260523T034226Z/symbols/DNOW/nasdaq_summary.json
DOC,"HEALTHPEAK PROPERTIES, INC.",NYSE,Real Estate,Real Estate Investment Trusts,19.64,19.64,5630977.0,13602250720.0,20.0,https://api.nasdaq.com/api/quote/DOC/summary?assetclass=stocks,/home/hermes/market-funnel/nasdaq_summary_archive/20260523T034226Z/symbols/DOC/nasdaq_summary.json
DOCS,"Doximity, Inc.",NYSE,Technology,EDP Services,19.39,19.39,3475747.0,3646468617.0,24.0,https://api.nasdaq.com/api/quote/DOCS/summary?assetclass=stocks,/home/hermes/market-funnel/nasdaq_summary_archive/20260523T034226Z/symbols/DOCS/nasdaq_summary.json
DOCU,"DOCUSIGN, INC.",NASDAQ,Technology,Computer Software: Prepackaged Software,48.97,48.97,2276995.0,9705197505.0,55.0,https://api.nasdaq.com/api/quote/DOCU/summary?assetclass=stocks,/home/hermes/market-funnel/nasdaq_summary_archive/20260523T034226Z/symbols/DOCU/nasdaq_summary.json
DOW,DOW INC.,NYSE,Industrials,Major Chemicals,35.91,35.91,9011924.0,25953899182.0,42.0,https://api.nasdaq.com/api/quote/DOW/summary?assetclass=stocks,/home/hermes/market-funnel/nasdaq_summary_archive/20260523T034226Z/symbols/DOW/nasdaq_summary.json
DRH,DiamondRock Hospitality Co,NASDAQ,Real Estate,Real Estate Investment Trusts,10.78,10.78,4106115.0,2190094230.0,11.0,https://api.nasdaq.com/api/quote/DRH/summary?assetclass=stocks,/home/hermes/market-funnel/nasdaq_summary_archive/20260523T034226Z/symbols/DRH/nasdaq_summary.json
DRVN,Driven Brands Holdings Inc.,NASDAQ,Consumer Discretionary,Automotive Aftermarket,13.48,13.48,1231696.0,2271126598.0,17.5,https://api.nasdaq.com/api/quote/DRVN/summary?assetclass=stocks,/home/hermes/market-funnel/nasdaq_summary_archive/20260523T034226Z/symbols/DRVN/nasdaq_summary.json
DT,"Dynatrace, Inc.",NYSE,Technology,Computer Software: Prepackaged Software,39.15,39.15,4502299.0,12011714957.0,45.0,https://api.nasdaq.com/api/quote/DT/summary?assetclass=stocks,/home/hermes/market-funnel/nasdaq_summary_archive/20260523T034226Z/symbols/DT/nasdaq_summary.json
DVN,DEVON ENERGY CORP/DE,NYSE,Energy,Oil & Gas Production,47.11,47.11,9123320.0,29345113977.0,60.5,https://api.nasdaq.com/api/quote/DVN/summary?assetclass=stocks,/home/hermes/market-funnel/nasdaq_summary_archive/20260523T034226Z/symbols/DVN/nasdaq_summary.json
DX,DYNEX CAPITAL INC,NYSE,Real Estate,Real Estate Investment Trusts,12.85,12.85,4838385.0,2736719537.0,14.75,https://api.nasdaq.com/api/quote/DX/summary?assetclass=stocks,/home/hermes/market-funnel/nasdaq_summary_archive/20260523T034226Z/symbols/DX/nasdaq_summary.json
DXCM,DEXCOM INC,NASDAQ,Health Care,Medical/Dental Instruments,71.9,71.9,6727492.0,27821441642.0,80.0,https://api.nasdaq.com/api/quote/DXCM/summary?assetclass=stocks,/home/hermes/market-funnel/nasdaq_summary_archive/20260523T034226Z/symbols/DXCM/nasdaq_summary.json
DYN,"Dyne Therapeutics, Inc.",NASDAQ,Health Care,Biotechnology: Pharmaceutical Preparations,17.37,17.37,1448086.0,2871500637.0,39.5,https://api.nasdaq.com/api/quote/DYN/summary?assetclass=stocks,/home/hermes/market-funnel/nasdaq_summary_archive/20260523T034226Z/symbols/DYN/nasdaq_summary.json
EBC,"Eastern Bankshares, Inc.",NASDAQ,Finance,Savings Institutions,19.85,19.85,1183011.0,4588190515.0,23.0,https://api.nasdaq.com/api/quote/EBC/summary?assetclass=stocks,/home/hermes/market-funnel/nasdaq_summary_archive/20260523T034226Z/symbols/EBC/nasdaq_summary.json
EC,ECOPETROL S.A.,NYSE,Energy,Oil & Gas Production,13.86,13.86,1800187.0,28473311080.0,13.0,https://api.nasdaq.com/api/quote/EC/summary?assetclass=stocks,/home/hermes/market-funnel/nasdaq_summary_archive/20260523T034226Z/symbols/EC/nasdaq_summary.json
ECVT,Ecovyst Inc.,NYSE,Industrials,Major Chemicals,13.33,13.33,3065903.0,1511552614.0,16.0,https://api.nasdaq.com/api/quote/ECVT/summary?assetclass=stocks,/home/hermes/market-funnel/nasdaq_summary_archive/20260523T034226Z/symbols/ECVT/nasdaq_summary.json
EDU,New Oriental Education & Technology Group Inc.,NYSE,Real Estate,Other Consumer Services,47.56,47.56,1312192.0,18472842606.0,69.0,https://api.nasdaq.com/api/quote/EDU/summary?assetclass=stocks,/home/hermes/market-funnel/nasdaq_summary_archive/20260523T034226Z/symbols/EDU/nasdaq_summary.json
EFC,Ellington Financial Inc.,NYSE,Finance,Real Estate,13.57,13.57,1063200.0,1691559988.0,14.75,https://api.nasdaq.com/api/quote/EFC/summary?assetclass=stocks,/home/hermes/market-funnel/nasdaq_summary_archive/20260523T034226Z/symbols/EFC/nasdaq_summary.json
EIX,EDISON INTERNATIONAL,NYSE,Utilities,Electric Utilities: Central,70.32,70.32,1767719.0,27389632720.0,77.5,https://api.nasdaq.com/api/quote/EIX/summary?assetclass=stocks,/home/hermes/market-funnel/nasdaq_summary_archive/20260523T034226Z/symbols/EIX/nasdaq_summary.json
ELAN,Elanco Animal Health Inc,NYSE,Health Care,Biotechnology: Pharmaceutical Preparations,21.32,21.32,5829024.0,10853039439.0,30.0,https://api.nasdaq.com/api/quote/ELAN/summary?assetclass=stocks,/home/hermes/market-funnel/nasdaq_summary_archive/20260523T034226Z/symbols/ELAN/nasdaq_summary.json
ELF,"e.l.f. Beauty, Inc.",NYSE,Consumer Discretionary,Package Goods/Cosmetics,53.12,53.12,5181908.0,3123863443.0,85.0,https://api.nasdaq.com/api/quote/ELF/summary?assetclass=stocks,/home/hermes/market-funnel/nasdaq_summary_archive/20260523T034226Z/symbols/ELF/nasdaq_summary.json
ELS,EQUITY LIFESTYLE PROPERTIES INC,NYSE,Real Estate,Real Estate Investment Trusts,63.06,63.06,1150363.0,12324731493.0,70.0,https://api.nasdaq.com/api/quote/ELS/summary?assetclass=stocks,/home/hermes/market-funnel/nasdaq_summary_archive/20260523T034226Z/symbols/ELS/nasdaq_summary.json
EMBJ,EMBRAER S.A.,NYSE,Industrials,Aerospace,56.52,56.52,1459274.0,10404218585.0,80.0,https://api.nasdaq.com/api/quote/EMBJ/summary?assetclass=stocks,/home/hermes/market-funnel/nasdaq_summary_archive/20260523T034226Z/symbols/EMBJ/nasdaq_summary.json
EMN,EASTMAN CHEMICAL CO,NYSE,Industrials,Major Chemicals,73.19,73.19,1246788.0,8475619035.0,82.5,https://api.nasdaq.com/api/quote/EMN/summary?assetclass=stocks,/home/hermes/market-funnel/nasdaq_summary_archive/20260523T034226Z/symbols/EMN/nasdaq_summary.json
ENB,ENBRIDGE INC,NYSE,Energy,Natural Gas Distribution,57.79,57.79,4463811.0,126736022058.0,56.22,https://api.nasdaq.com/api/quote/ENB/summary?assetclass=stocks,/home/hermes/market-funnel/nasdaq_summary_archive/20260523T034226Z/symbols/ENB/nasdaq_summary.json
ENPH,"Enphase Energy, Inc.",NASDAQ,Technology,Semiconductors,62.34,62.34,10996353.0,8439040027.0,37.0,https://api.nasdaq.com/api/quote/ENPH/summary?assetclass=stocks,/home/hermes/market-funnel/nasdaq_summary_archive/20260523T034226Z/symbols/ENPH/nasdaq_summary.json
ENR,"ENERGIZER HOLDINGS, INC.",NYSE,Miscellaneous,Industrial Machinery/Components,17.3,17.3,1084420.0,1244847957.0,19.0,https://api.nasdaq.com/api/quote/ENR/summary?assetclass=stocks,/home/hermes/market-funnel/nasdaq_summary_archive/20260523T034226Z/symbols/ENR/nasdaq_summary.json
EPD,ENTERPRISE PRODUCTS PARTNERS L.P.,NYSE,Utilities,Natural Gas Distribution,39.47,39.47,3564198.0,85740229080.0,41.5,https://api.nasdaq.com/api/quote/EPD/summary?assetclass=stocks,/home/hermes/market-funnel/nasdaq_summary_archive/20260523T034226Z/symbols/EPD/nasdaq_summary.json
EPRT,"ESSENTIAL PROPERTIES REALTY TRUST, INC.",NYSE,Real Estate,Real Estate Investment Trusts,31.38,31.38,1212428.0,6774985770.0,37.0,https://api.nasdaq.com/api/quote/EPRT/summary?assetclass=stocks,/home/hermes/market-funnel/nasdaq_summary_archive/20260523T034226Z/symbols/EPRT/nasdaq_summary.json
EQH,"Equitable Holdings, Inc.",NYSE,Finance,Specialty Insurers,42.52,42.52,2701707.0,11987095626.0,58.0,https://api.nasdaq.com/api/quote/EQH/summary?assetclass=stocks,/home/hermes/market-funnel/nasdaq_summary_archive/20260523T034226Z/symbols/EQH/nasdaq_summary.json
EQNR,EQUINOR ASA,NYSE,Energy,Integrated oil Companies,38.67,38.67,2884088.0,97035518674.0,38.0,https://api.nasdaq.com/api/quote/EQNR/summary?assetclass=stocks,/home/hermes/market-funnel/nasdaq_summary_archive/20260523T034226Z/symbols/EQNR/nasdaq_summary.json
EQPT,EquipmentShare.com Inc,NASDAQ,Consumer Discretionary,Diversified Commercial Services,19.97,19.97,1854079.0,5231735761.0,40.0,https://api.nasdaq.com/api/quote/EQPT/summary?assetclass=stocks,/home/hermes/market-funnel/nasdaq_summary_archive/20260523T034226Z/symbols/EQPT/nasdaq_summary.json
EQR,EQUITY RESIDENTIAL,NYSE,Real Estate,Real Estate Investment Trusts,65.76,65.76,2034973.0,24803268857.0,70.0,https://api.nasdaq.com/api/quote/EQR/summary?assetclass=stocks,/home/hermes/market-funnel/nasdaq_summary_archive/20260523T034226Z/symbols/EQR/nasdaq_summary.json
EQT,EQT Corp,NYSE,Energy,Oil & Gas Production,57.74,57.74,5202166.0,36227685760.0,70.0,https://api.nasdaq.com/api/quote/EQT/summary?assetclass=stocks,/home/hermes/market-funnel/nasdaq_summary_archive/20260523T034226Z/symbols/EQT/nasdaq_summary.json
EQX,Equinox Gold Corp.,NYSE,Basic Materials,Precious Metals,12.31,12.31,5746469.0,9571857405.0,21.75,https://api.nasdaq.com/api/quote/EQX/summary?assetclass=stocks,/home/hermes/market-funnel/nasdaq_summary_archive/20260523T034226Z/symbols/EQX/nasdaq_summary.json
ERAS,"Erasca, Inc.",NASDAQ,Health Care,Biotechnology: Pharmaceutical Preparations,11.605,11.605,2494082.0,3495466252.0,20.0,https://api.nasdaq.com/api/quote/ERAS/summary?assetclass=stocks,/home/hermes/market-funnel/nasdaq_summary_archive/20260523T034226Z/symbols/ERAS/nasdaq_summary.json
ERIC,ERICSSON LM TELEPHONE CO,NASDAQ,Technology,Radio And Television Broadcasting And Communications Equipment,13.24,13.24,10913122.0,45513248423.0,11.0,https://api.nasdaq.com/api/quote/ERIC/summary?assetclass=stocks,/home/hermes/market-funnel/nasdaq_summary_archive/20260523T034226Z/symbols/ERIC/nasdaq_summary.json
ES,EVERSOURCE ENERGY,NYSE,Utilities,Electric Utilities: Central,69.63,69.63,2578927.0,26325601750.0,74.0,https://api.nasdaq.com/api/quote/ES/summary?assetclass=stocks,/home/hermes/market-funnel/nasdaq_summary_archive/20260523T034226Z/symbols/ES/nasdaq_summary.json
ESI,Element Solutions Inc,NYSE,Industrials,Major Chemicals,40.36,40.36,1732969.0,9926993319.0,47.0,https://api.nasdaq.com/api/quote/ESI/summary?assetclass=stocks,/home/hermes/market-funnel/nasdaq_summary_archive/20260523T034226Z/symbols/ESI/nasdaq_summary.json
ESTC,Elastic N.V.,NYSE,Technology,Computer Software: Prepackaged Software,53.84,53.84,1375740.0,5672890248.0,75.5,https://api.nasdaq.com/api/quote/ESTC/summary?assetclass=stocks,/home/hermes/market-funnel/nasdaq_summary_archive/20260523T034226Z/symbols/ESTC/nasdaq_summary.json
ET,Energy Transfer LP,NYSE,Utilities,Natural Gas Distribution,20.01,20.01,6870430.0,69064066689.0,24.0,https://api.nasdaq.com/api/quote/ET/summary?assetclass=stocks,/home/hermes/market-funnel/nasdaq_summary_archive/20260523T034226Z/symbols/ET/nasdaq_summary.json
ETOR,eToro Group Ltd.,NASDAQ,Finance,Investment Bankers/Brokers/Service,39.61,39.61,1063243.0,3290317703.0,57.0,https://api.nasdaq.com/api/quote/ETOR/summary?assetclass=stocks,/home/hermes/market-funnel/nasdaq_summary_archive/20260523T034226Z/symbols/ETOR/nasdaq_summary.json
ETSY,ETSY INC,NYSE,Consumer Discretionary,Business Services,60.74,60.74,2513391.0,5919626890.0,74.5,https://api.nasdaq.com/api/quote/ETSY/summary?assetclass=stocks,/home/hermes/market-funnel/nasdaq_summary_archive/20260523T034226Z/symbols/ETSY/nasdaq_summary.json
EXC,EXELON CORP,NASDAQ,Utilities,Power Generation,45.35,45.35,9230677.0,47302912405.0,49.5,https://api.nasdaq.com/api/quote/EXC/summary?assetclass=stocks,/home/hermes/market-funnel/nasdaq_summary_archive/20260523T034226Z/symbols/EXC/nasdaq_summary.json
EXEL,"EXELIXIS, INC.",NASDAQ,Health Care,Biotechnology: Biological Products (No Diagnostic Substances),49.65,49.65,1544118.0,12605457412.0,50.0,https://api.nasdaq.com/api/quote/EXEL/summary?assetclass=stocks,/home/hermes/market-funnel/nasdaq_summary_archive/20260523T034226Z/symbols/EXEL/nasdaq_summary.json
EXLS,"ExlService Holdings, Inc.",NASDAQ,Consumer Discretionary,Business Services,29.23,29.23,1631413.0,4508624294.0,41.5,https://api.nasdaq.com/api/quote/EXLS/summary?assetclass=stocks,/home/hermes/market-funnel/nasdaq_summary_archive/20260523T034226Z/symbols/EXLS/nasdaq_summary.json
EXTR,EXTREME NETWORKS INC,NASDAQ,Telecommunications,Computer Communications Equipment,23.9,23.9,2699244.0,3347919053.0,25.5,https://api.nasdaq.com/api/quote/EXTR/summary?assetclass=stocks,/home/hermes/market-funnel/nasdaq_summary_archive/20260523T034226Z/symbols/EXTR/nasdaq_summary.json
EYE,"National Vision Holdings, Inc.",NASDAQ,Health Care,Ophthalmic Goods,16.97,16.97,1475310.0,1372398471.0,30.0,https://api.nasdaq.com/api/quote/EYE/summary?assetclass=stocks,/home/hermes/market-funnel/nasdaq_summary_archive/20260523T034226Z/symbols/EYE/nasdaq_summary.json
F,FORD MOTOR CO,NYSE,Industrials,Auto Manufacturing,13.67,13.67,109712315.0,59491460966.0,13.0,https://api.nasdaq.com/api/quote/F/summary?assetclass=stocks,/home/hermes/market-funnel/nasdaq_summary_archive/20260523T034226Z/symbols/F/nasdaq_summary.json
FAST,FASTENAL CO,NASDAQ,Consumer Discretionary,RETAIL: Building Materials,43.53,43.53,5583717.0,50444660580.0,46.5,https://api.nasdaq.com/api/quote/FAST/summary?assetclass=stocks,/home/hermes/market-funnel/nasdaq_summary_archive/20260523T034226Z/symbols/FAST/nasdaq_summary.json
FBIN,"Fortune Brands Innovations, Inc.",NYSE,Basic Materials,Forest Products,36.31,36.31,3253463.0,4491397150.0,43.0,https://api.nasdaq.com/api/quote/FBIN/summary?assetclass=stocks,/home/hermes/market-funnel/nasdaq_summary_archive/20260523T034226Z/symbols/FBIN/nasdaq_summary.json
FCEL,FUELCELL ENERGY INC,NASDAQ,Energy,Industrial Machinery/Components,26.38,26.38,12077530.0,1324976429.0,7.62,https://api.nasdaq.com/api/quote/FCEL/summary?assetclass=stocks,/home/hermes/market-funnel/nasdaq_summary_archive/20260523T034226Z/symbols/FCEL/nasdaq_summary.json
FCX,FREEPORT-MCMORAN INC,NYSE,Basic Materials,Metal Mining,62.31,62.31,7859212.0,89114336031.0,70.0,https://api.nasdaq.com/api/quote/FCX/summary?assetclass=stocks,/home/hermes/market-funnel/nasdaq_summary_archive/20260523T034226Z/symbols/FCX/nasdaq_summary.json
FE,FIRSTENERGY CORP,NYSE,Utilities,Electric Utilities: Central,45.5,45.5,4452237.0,26787147714.0,53.0,https://api.nasdaq.com/api/quote/FE/summary?assetclass=stocks,/home/hermes/market-funnel/nasdaq_summary_archive/20260523T034226Z/symbols/FE/nasdaq_summary.json
FER,Ferrovial N.V.,NASDAQ,Industrials,Military/Government/Technical,68.37,68.37,1262276.0,48549009105.0,72.2,https://api.nasdaq.com/api/quote/FER/summary?assetclass=stocks,/home/hermes/market-funnel/nasdaq_summary_archive/20260523T034226Z/symbols/FER/nasdaq_summary.json
FHB,"FIRST HAWAIIAN, INC.",NASDAQ,Finance,Major Banks,27.27,27.27,1356394.0,3327099412.0,28.0,https://api.nasdaq.com/api/quote/FHB/summary?assetclass=stocks,/home/hermes/market-funnel/nasdaq_summary_archive/20260523T034226Z/symbols/FHB/nasdaq_summary.json
FHN,FIRST HORIZON CORP,NYSE,Finance,Major Banks,24.1,24.1,2940343.0,11499989609.0,26.0,https://api.nasdaq.com/api/quote/FHN/summary?assetclass=stocks,/home/hermes/market-funnel/nasdaq_summary_archive/20260523T034226Z/symbols/FHN/nasdaq_summary.json
FIBK,FIRST INTERSTATE BANCSYSTEM INC,NASDAQ,Finance,Major Banks,35.2,35.2,1251691.0,3447600776.0,36.5,https://api.nasdaq.com/api/quote/FIBK/summary?assetclass=stocks,/home/hermes/market-funnel/nasdaq_summary_archive/20260523T034226Z/symbols/FIBK/nasdaq_summary.json
FIG,"Figma, Inc.",NYSE,Technology,Computer Software: Prepackaged Software,21.59,21.59,16884706.0,11999431973.0,36.5,https://api.nasdaq.com/api/quote/FIG/summary?assetclass=stocks,/home/hermes/market-funnel/nasdaq_summary_archive/20260523T034226Z/symbols/FIG/nasdaq_summary.json
FIGR,"Figure Technology Solutions, Inc.",NASDAQ,Finance,Finance: Consumer Services,34.38,34.38,2503883.0,7486511274.0,55.0,https://api.nasdaq.com/api/quote/FIGR/summary?assetclass=stocks,/home/hermes/market-funnel/nasdaq_summary_archive/20260523T034226Z/symbols/FIGR/nasdaq_summary.json
FIGS,"FIGS, Inc.",NYSE,Consumer Discretionary,Apparel,12.44,12.44,2228118.0,2094772553.0,17.0,https://api.nasdaq.com/api/quote/FIGS/summary?assetclass=stocks,/home/hermes/market-funnel/nasdaq_summary_archive/20260523T034226Z/symbols/FIGS/nasdaq_summary.json
FIS,"Fidelity National Information Services, Inc.",NYSE,Consumer Discretionary,Business Services,43.62,43.62,3861461.0,22515255818.0,57.0,https://api.nasdaq.com/api/quote/FIS/summary?assetclass=stocks,/home/hermes/market-funnel/nasdaq_summary_archive/20260523T034226Z/symbols/FIS/nasdaq_summary.json
FISV,FISERV INC,NASDAQ,Consumer Discretionary,Business Services,55.82,55.82,6466780.0,30464800220.0,64.0,https://api.nasdaq.com/api/quote/FISV/summary?assetclass=stocks,/home/hermes/market-funnel/nasdaq_summary_archive/20260523T034226Z/symbols/FISV/nasdaq_summary.json
FITB,FIFTH THIRD BANCORP,NASDAQ,Finance,Major Banks,49.16,49.16,3609061.0,44844295395.0,57.5,https://api.nasdaq.com/api/quote/FITB/summary?assetclass=stocks,/home/hermes/market-funnel/nasdaq_summary_archive/20260523T034226Z/symbols/FITB/nasdaq_summary.json
FIVN,"Five9, Inc.",NASDAQ,Technology,EDP Services,21.84,21.84,2377847.0,1742596367.0,25.0,https://api.nasdaq.com/api/quote/FIVN/summary?assetclass=stocks,/home/hermes/market-funnel/nasdaq_summary_archive/20260523T034226Z/symbols/FIVN/nasdaq_summary.json
FLG,"FLAGSTAR BANK, NATIONAL ASSOCIATION",NYSE,Finance,Banks,13.59,13.59,2761155.0,5772889440.0,16.0,https://api.nasdaq.com/api/quote/FLG/summary?assetclass=stocks,/home/hermes/market-funnel/nasdaq_summary_archive/20260523T034226Z/symbols/FLG/nasdaq_summary.json
FLNC,"Fluence Energy, Inc.",NASDAQ,Miscellaneous,Industrial Machinery/Components,20.19,20.19,10969377.0,3960183368.0,17.0,https://api.nasdaq.com/api/quote/FLNC/summary?assetclass=stocks,/home/hermes/market-funnel/nasdaq_summary_archive/20260523T034226Z/symbols/FLNC/nasdaq_summary.json
FLR,FLUOR CORP,NYSE,Industrials,Military/Government/Technical,44.59,44.59,2041092.0,6266988234.0,56.0,https://api.nasdaq.com/api/quote/FLR/summary?assetclass=stocks,/home/hermes/market-funnel/nasdaq_summary_archive/20260523T034226Z/symbols/FLR/nasdaq_summary.json
FLS,FLOWSERVE CORP,NYSE,Industrials,Fluid Controls,68.73,68.73,1932057.0,8896646732.0,91.0,https://api.nasdaq.com/api/quote/FLS/summary?assetclass=stocks,/home/hermes/market-funnel/nasdaq_summary_archive/20260523T034226Z/symbols/FLS/nasdaq_summary.json
FLY,Firefly Aerospace Inc.,NASDAQ,Industrials,Military/Government/Technical,42.86,42.86,8823162.0,7931643242.0,36.0,https://api.nasdaq.com/api/quote/FLY/summary?assetclass=stocks,/home/hermes/market-funnel/nasdaq_summary_archive/20260523T034226Z/symbols/FLY/nasdaq_summary.json
FLYW,Flywire Corp,NASDAQ,Consumer Discretionary,Business Services,16.16,16.16,1196805.0,1959298307.0,20.0,https://api.nasdaq.com/api/quote/FLYW/summary?assetclass=stocks,/home/hermes/market-funnel/nasdaq_summary_archive/20260523T034226Z/symbols/FLYW/nasdaq_summary.json
FMC,FMC CORP,NYSE,Industrials,Major Chemicals,13.01,13.01,2174216.0,1639343896.0,17.0,https://api.nasdaq.com/api/quote/FMC/summary?assetclass=stocks,/home/hermes/market-funnel/nasdaq_summary_archive/20260523T034226Z/symbols/FMC/nasdaq_summary.json
FNB,FNB CORP/PA/,NYSE,Finance,Major Banks,17.48,17.48,2908057.0,6240048026.0,21.0,https://api.nasdaq.com/api/quote/FNB/summary?assetclass=stocks,/home/hermes/market-funnel/nasdaq_summary_archive/20260523T034226Z/symbols/FNB/nasdaq_summary.json
FND,"Floor & Decor Holdings, Inc.",NYSE,Consumer Discretionary,RETAIL: Building Materials,48.42,48.42,2195116.0,5211218972.0,54.5,https://api.nasdaq.com/api/quote/FND/summary?assetclass=stocks,/home/hermes/market-funnel/nasdaq_summary_archive/20260523T034226Z/symbols/FND/nasdaq_summary.json
FNF,"Fidelity National Financial, Inc.",NYSE,Finance,Specialty Insurers,49.36,49.36,1027808.0,13083748019.0,66.0,https://api.nasdaq.com/api/quote/FNF/summary?assetclass=stocks,/home/hermes/market-funnel/nasdaq_summary_archive/20260523T034226Z/symbols/FNF/nasdaq_summary.json
FOUR,"Shift4 Payments, Inc.",NYSE,Consumer Discretionary,Business Services,43.53,43.53,1006811.0,3430182674.0,60.0,https://api.nasdaq.com/api/quote/FOUR/summary?assetclass=stocks,/home/hermes/market-funnel/nasdaq_summary_archive/20260523T034226Z/symbols/FOUR/nasdaq_summary.json
FOX,Fox Corp,NASDAQ,Industrials,Broadcasting,57.63,57.63,1212753.0,24051464671.0,71.0,https://api.nasdaq.com/api/quote/FOX/summary?assetclass=stocks,/home/hermes/market-funnel/nasdaq_summary_archive/20260523T034226Z/symbols/FOX/nasdaq_summary.json
FOXA,Fox Corp,NASDAQ,Industrials,Broadcasting,64.26,64.26,1557643.0,26883520434.0,73.0,https://api.nasdaq.com/api/quote/FOXA/summary?assetclass=stocks,/home/hermes/market-funnel/nasdaq_summary_archive/20260523T034226Z/symbols/FOXA/nasdaq_summary.json
FPS,"Forgent Power Solutions, Inc.",NYSE,Energy,Industrial Machinery/Components,48.52,48.52,3470901.0,14582143783.0,56.0,https://api.nasdaq.com/api/quote/FPS/summary?assetclass=stocks,/home/hermes/market-funnel/nasdaq_summary_archive/20260523T034226Z/symbols/FPS/nasdaq_summary.json
FRO,Frontline plc,NYSE,Consumer Discretionary,Marine Transportation,38.44,38.44,4350233.0,8263761640.0,44.0,https://api.nasdaq.com/api/quote/FRO/summary?assetclass=stocks,/home/hermes/market-funnel/nasdaq_summary_archive/20260523T034226Z/symbols/FRO/nasdaq_summary.json
FROG,JFrog Ltd,NASDAQ,Technology,Computer Software: Prepackaged Software,71.44,71.44,2236960.0,8961648379.0,80.0,https://api.nasdaq.com/api/quote/FROG/summary?assetclass=stocks,/home/hermes/market-funnel/nasdaq_summary_archive/20260523T034226Z/symbols/FROG/nasdaq_summary.json
FRPT,"Freshpet, Inc.",NASDAQ,Consumer Staples,Packaged Foods,51.3,51.3,1708692.0,2534785160.0,80.0,https://api.nasdaq.com/api/quote/FRPT/summary?assetclass=stocks,/home/hermes/market-funnel/nasdaq_summary_archive/20260523T034226Z/symbols/FRPT/nasdaq_summary.json
FRVO,Fervo Energy Co,NASDAQ,Utilities,Electric Utilities: Central,42.5,42.5,3402580.0,10874615471.0,,https://api.nasdaq.com/api/quote/FRVO/summary?assetclass=stocks,/home/hermes/market-funnel/nasdaq_summary_archive/20260523T034226Z/symbols/FRVO/nasdaq_summary.json
FSK,FS KKR Capital Corp,NYSE,Finance,Investment Managers,10.93,10.93,2957209.0,3019116148.0,11.0,https://api.nasdaq.com/api/quote/FSK/summary?assetclass=stocks,/home/hermes/market-funnel/nasdaq_summary_archive/20260523T034226Z/symbols/FSK/nasdaq_summary.json
FSLY,"Fastly, Inc.",NASDAQ,Technology,Computer Software: Prepackaged Software,16.4,16.4,5942212.0,2554080000.0,24.0,https://api.nasdaq.com/api/quote/FSLY/summary?assetclass=stocks,/home/hermes/market-funnel/nasdaq_summary_archive/20260523T034226Z/symbols/FSLY/nasdaq_summary.json
FTI,TechnipFMC plc,NYSE,Consumer Discretionary,Oil and Gas Field Machinery,71.41,71.41,6188610.0,28303847668.0,80.0,https://api.nasdaq.com/api/quote/FTI/summary?assetclass=stocks,/home/hermes/market-funnel/nasdaq_summary_archive/20260523T034226Z/symbols/FTI/nasdaq_summary.json
FTV,Fortive Corp,NYSE,Industrials,Industrial Machinery/Components,59.02,59.02,2052261.0,18026432172.0,63.0,https://api.nasdaq.com/api/quote/FTV/summary?assetclass=stocks,/home/hermes/market-funnel/nasdaq_summary_archive/20260523T034226Z/symbols/FTV/nasdaq_summary.json
FUL,FULLER H B CO,NYSE,Industrials,Home Furnishings,56.37,56.37,1676942.0,3148275847.0,70.0,https://api.nasdaq.com/api/quote/FUL/summary?assetclass=stocks,/home/hermes/market-funnel/nasdaq_summary_archive/20260523T034226Z/symbols/FUL/nasdaq_summary.json
FULT,FULTON FINANCIAL CORP,NASDAQ,Finance,Major Banks,21.4,21.4,1032893.0,4097904084.0,23.0,https://api.nasdaq.com/api/quote/FULT/summary?assetclass=stocks,/home/hermes/market-funnel/nasdaq_summary_archive/20260523T034226Z/symbols/FULT/nasdaq_summary.json
FUN,Six Flags Entertainment Corporation/NEW,NYSE,Consumer Discretionary,Services-Misc. Amusement & Recreation,19.72,19.72,1441574.0,2026704170.0,27.0,https://api.nasdaq.com/api/quote/FUN/summary?assetclass=stocks,/home/hermes/market-funnel/nasdaq_summary_archive/20260523T034226Z/symbols/FUN/nasdaq_summary.json
G,Genpact LTD,NYSE,Consumer Discretionary,Professional Services,32.0,32.0,2128648.0,5408952734.0,40.0,https://api.nasdaq.com/api/quote/G/summary?assetclass=stocks,/home/hermes/market-funnel/nasdaq_summary_archive/20260523T034226Z/symbols/G/nasdaq_summary.json
GAP,GAP INC,NYSE,Consumer Discretionary,Clothing/Shoe/Accessory Stores,23.17,23.17,7304348.0,8545307067.0,31.0,https://api.nasdaq.com/api/quote/GAP/summary?assetclass=stocks,/home/hermes/market-funnel/nasdaq_summary_archive/20260523T034226Z/symbols/GAP/nasdaq_summary.json
GBCI,"GLACIER BANCORP, INC.",NYSE,Finance,Major Banks,47.8,47.8,1100891.0,6202598890.0,56.5,https://api.nasdaq.com/api/quote/GBCI/summary?assetclass=stocks,/home/hermes/market-funnel/nasdaq_summary_archive/20260523T034226Z/symbols/GBCI/nasdaq_summary.json
GBDC,"GOLUB CAPITAL BDC, Inc.",NASDAQ,Finance,Finance: Consumer Services,12.97,12.97,1015295.0,3357782883.0,14.0,https://api.nasdaq.com/api/quote/GBDC/summary?assetclass=stocks,/home/hermes/market-funnel/nasdaq_summary_archive/20260523T034226Z/symbols/GBDC/nasdaq_summary.json
GDS,GDS Holdings Ltd,NASDAQ,Technology,"Computer Software: Programming, Data Processing",35.16,35.16,3367612.0,7017224007.0,57.5,https://api.nasdaq.com/api/quote/GDS/summary?assetclass=stocks,/home/hermes/market-funnel/nasdaq_summary_archive/20260523T034226Z/symbols/GDS/nasdaq_summary.json
GEHC,GE HealthCare Technologies Inc.,NASDAQ,Health Care,Medical Electronics,64.33,64.33,3182763.0,29217699415.0,80.0,https://api.nasdaq.com/api/quote/GEHC/summary?assetclass=stocks,/home/hermes/market-funnel/nasdaq_summary_archive/20260523T034226Z/symbols/GEHC/nasdaq_summary.json
GEN,Gen Digital Inc.,NASDAQ,Technology,Computer Software: Prepackaged Software,24.85,24.85,5733705.0,15032574871.0,27.5,https://api.nasdaq.com/api/quote/GEN/summary?assetclass=stocks,/home/hermes/market-funnel/nasdaq_summary_archive/20260523T034226Z/symbols/GEN/nasdaq_summary.json
GEO,GEO GROUP INC,NYSE,Consumer Discretionary,Homebuilding,23.11,23.11,1293421.0,3142702040.0,28.0,https://api.nasdaq.com/api/quote/GEO/summary?assetclass=stocks,/home/hermes/market-funnel/nasdaq_summary_archive/20260523T034226Z/symbols/GEO/nasdaq_summary.json
GFI,GOLD FIELDS LTD,NYSE,Basic Materials,Precious Metals,40.07,40.07,2978695.0,35380308484.0,60.0,https://api.nasdaq.com/api/quote/GFI/summary?assetclass=stocks,/home/hermes/market-funnel/nasdaq_summary_archive/20260523T034226Z/symbols/GFI/nasdaq_summary.json
GFL,GFL Environmental Inc.,NYSE,Utilities,Environmental Services,35.96,35.96,2296596.0,12812371080.0,53.0,https://api.nasdaq.com/api/quote/GFL/summary?assetclass=stocks,/home/hermes/market-funnel/nasdaq_summary_archive/20260523T034226Z/symbols/GFL/nasdaq_summary.json
GIS,GENERAL MILLS INC,NYSE,Consumer Staples,Packaged Foods,33.47,33.47,6604266.0,17979720234.0,39.5,https://api.nasdaq.com/api/quote/GIS/summary?assetclass=stocks,/home/hermes/market-funnel/nasdaq_summary_archive/20260523T034226Z/symbols/GIS/nasdaq_summary.json
GLNG,GOLAR LNG LTD,NASDAQ,Consumer Discretionary,Marine Transportation,52.31,52.31,1558737.0,5319214072.0,53.5,https://api.nasdaq.com/api/quote/GLNG/summary?assetclass=stocks,/home/hermes/market-funnel/nasdaq_summary_archive/20260523T034226Z/symbols/GLNG/nasdaq_summary.json
GLOB,Globant S.A.,NYSE,Technology,EDP Services,40.63,40.63,1204546.0,1732795582.0,55.0,https://api.nasdaq.com/api/quote/GLOB/summary?assetclass=stocks,/home/hermes/market-funnel/nasdaq_summary_archive/20260523T034226Z/symbols/GLOB/nasdaq_summary.json
GLPI,"Gaming & Leisure Properties, Inc.",NASDAQ,Real Estate,Real Estate Investment Trusts,47.5,47.5,1318308.0,13541847066.0,53.0,https://api.nasdaq.com/api/quote/GLPI/summary?assetclass=stocks,/home/hermes/market-funnel/nasdaq_summary_archive/20260523T034226Z/symbols/GLPI/nasdaq_summary.json
GLXY,Galaxy Digital Inc.,NASDAQ,Finance,Investment Bankers/Brokers/Service,29.57,29.57,4068355.0,11190985955.0,42.5,https://api.nasdaq.com/api/quote/GLXY/summary?assetclass=stocks,/home/hermes/market-funnel/nasdaq_summary_archive/20260523T034226Z/symbols/GLXY/nasdaq_summary.json
GMAB,GENMAB A/S,NASDAQ,Health Care,Biotechnology: Pharmaceutical Preparations,27.05,27.05,1205461.0,17260860230.0,38.0,https://api.nasdaq.com/api/quote/GMAB/summary?assetclass=stocks,/home/hermes/market-funnel/nasdaq_summary_archive/20260523T034226Z/symbols/GMAB/nasdaq_summary.json
GME,GameStop Corp.,NYSE,Consumer Discretionary,Electronics Distribution,22.49,22.49,5279748.0,9852370163.0,,https://api.nasdaq.com/api/quote/GME/summary?assetclass=stocks,/home/hermes/market-funnel/nasdaq_summary_archive/20260523T034226Z/symbols/GME/nasdaq_summary.json
GMRS,GMR Solutions Inc.,NYSE,Consumer Discretionary,Transportation Services,11.25,11.25,1027368.0,2456826846.0,,https://api.nasdaq.com/api/quote/GMRS/summary?assetclass=stocks,/home/hermes/market-funnel/nasdaq_summary_archive/20260523T034226Z/symbols/GMRS/nasdaq_summary.json
GNTX,GENTEX CORP,NASDAQ,Consumer Discretionary,Auto Parts:O.E.M.,23.4,23.4,1318766.0,5095489274.0,28.5,https://api.nasdaq.com/api/quote/GNTX/summary?assetclass=stocks,/home/hermes/market-funnel/nasdaq_summary_archive/20260523T034226Z/symbols/GNTX/nasdaq_summary.json
GPGI,"GPGI, Inc.",NYSE,Finance,Finance: Consumer Services,11.96,11.96,1917248.0,3600074030.0,25.0,https://api.nasdaq.com/api/quote/GPGI/summary?assetclass=stocks,/home/hermes/market-funnel/nasdaq_summary_archive/20260523T034226Z/symbols/GPGI/nasdaq_summary.json
GPK,GRAPHIC PACKAGING HOLDING CO,NYSE,Consumer Discretionary,Containers/Packaging,10.04,10.04,4217393.0,3009174726.0,11.05,https://api.nasdaq.com/api/quote/GPK/summary?assetclass=stocks,/home/hermes/market-funnel/nasdaq_summary_archive/20260523T034226Z/symbols/GPK/nasdaq_summary.json
GPN,GLOBAL PAYMENTS INC,NYSE,Consumer Discretionary,Business Services,72.59,72.59,2094507.0,20039797323.0,85.5,https://api.nasdaq.com/api/quote/GPN/summary?assetclass=stocks,/home/hermes/market-funnel/nasdaq_summary_archive/20260523T034226Z/symbols/GPN/nasdaq_summary.json
GPRE,Green Plains Inc.,NASDAQ,Industrials,Major Chemicals,15.07,15.07,1382465.0,1083366792.0,15.0,https://api.nasdaq.com/api/quote/GPRE/summary?assetclass=stocks,/home/hermes/market-funnel/nasdaq_summary_archive/20260523T034226Z/symbols/GPRE/nasdaq_summary.json
GSK,GSK plc,NYSE,Health Care,Biotechnology: Pharmaceutical Preparations,51.53,51.53,3154091.0,104785017025.0,59.11,https://api.nasdaq.com/api/quote/GSK/summary?assetclass=stocks,/home/hermes/market-funnel/nasdaq_summary_archive/20260523T034226Z/symbols/GSK/nasdaq_summary.json
GTES,Gates Industrial Corp plc,NYSE,Industrials,Industrial Machinery/Components,24.07,24.07,1135226.0,6214876646.0,31.5,https://api.nasdaq.com/api/quote/GTES/summary?assetclass=stocks,/home/hermes/market-funnel/nasdaq_summary_archive/20260523T034226Z/symbols/GTES/nasdaq_summary.json
GTLB,Gitlab Inc.,NASDAQ,Technology,Computer Software: Prepackaged Software,25.62,25.62,3052961.0,4540830012.0,28.0,https://api.nasdaq.com/api/quote/GTLB/summary?assetclass=stocks,/home/hermes/market-funnel/nasdaq_summary_archive/20260523T034226Z/symbols/GTLB/nasdaq_summary.json
GTX,Garrett Motion Inc.,NASDAQ,Consumer Discretionary,Auto Parts:O.E.M.,33.22,33.22,2905042.0,6231505265.0,32.0,https://api.nasdaq.com/api/quote/GTX/summary?assetclass=stocks,/home/hermes/market-funnel/nasdaq_summary_archive/20260523T034226Z/symbols/GTX/nasdaq_summary.json
GXO,"GXO Logistics, Inc.",NYSE,Consumer Discretionary,Transportation Services,46.72,46.72,1147120.0,5461356520.0,69.5,https://api.nasdaq.com/api/quote/GXO/summary?assetclass=stocks,/home/hermes/market-funnel/nasdaq_summary_archive/20260523T034226Z/symbols/GXO/nasdaq_summary.json
HAE,HAEMONETICS CORP,NYSE,Health Care,Medical/Dental Instruments,61.94,61.94,1036906.0,2976257427.0,78.0,https://api.nasdaq.com/api/quote/HAE/summary?assetclass=stocks,/home/hermes/market-funnel/nasdaq_summary_archive/20260523T034226Z/symbols/HAE/nasdaq_summary.json
HAL,HALLIBURTON CO,NYSE,Energy,Oilfield Services/Equipment,41.96,41.96,9325482.0,34643944070.0,44.5,https://api.nasdaq.com/api/quote/HAL/summary?assetclass=stocks,/home/hermes/market-funnel/nasdaq_summary_archive/20260523T034226Z/symbols/HAL/nasdaq_summary.json
HALO,"HALOZYME THERAPEUTICS, INC.",NASDAQ,Health Care,Biotechnology: Biological Products (No Diagnostic Substances),68.52,68.52,1197708.0,8103640160.0,89.0,https://api.nasdaq.com/api/quote/HALO/summary?assetclass=stocks,/home/hermes/market-funnel/nasdaq_summary_archive/20260523T034226Z/symbols/HALO/nasdaq_summary.json
HASI,"HA Sustainable Infrastructure Capital, Inc.",NYSE,Finance,Finance/Investors Services,40.66,40.66,1082003.0,5215654505.0,49.5,https://api.nasdaq.com/api/quote/HASI/summary?assetclass=stocks,/home/hermes/market-funnel/nasdaq_summary_archive/20260523T034226Z/symbols/HASI/nasdaq_summary.json
HAYW,"Hayward Holdings, Inc.",NYSE,Industrials,Industrial Machinery/Components,13.67,13.67,1631206.0,3004937439.0,17.0,https://api.nasdaq.com/api/quote/HAYW/summary?assetclass=stocks,/home/hermes/market-funnel/nasdaq_summary_archive/20260523T034226Z/symbols/HAYW/nasdaq_summary.json
HBAN,HUNTINGTON BANCSHARES INC /MD/,NASDAQ,Finance,Major Banks,15.85,15.85,14028041.0,32271918945.0,20.0,https://api.nasdaq.com/api/quote/HBAN/summary?assetclass=stocks,/home/hermes/market-funnel/nasdaq_summary_archive/20260523T034226Z/symbols/HBAN/nasdaq_summary.json
HBM,Hudbay Minerals Inc.,NYSE,Basic Materials,Metal Mining,24.74,24.74,3159311.0,9688124386.0,29.57,https://api.nasdaq.com/api/quote/HBM/summary?assetclass=stocks,/home/hermes/market-funnel/nasdaq_summary_archive/20260523T034226Z/symbols/HBM/nasdaq_summary.json
HDB,HDFC BANK LTD,NYSE,Finance,Commercial Banks,24.62,24.62,7095934.0,126619975783.0,36.0,https://api.nasdaq.com/api/quote/HDB/summary?assetclass=stocks,/home/hermes/market-funnel/nasdaq_summary_archive/20260523T034226Z/symbols/HDB/nasdaq_summary.json
HE,HAWAIIAN ELECTRIC INDUSTRIES INC,NYSE,Utilities,Electric Utilities: Central,13.69,13.69,1417151.0,2359928980.0,13.88,https://api.nasdaq.com/api/quote/HE/summary?assetclass=stocks,/home/hermes/market-funnel/nasdaq_summary_archive/20260523T034226Z/symbols/HE/nasdaq_summary.json
HESM,Hess Midstream LP,NYSE,Energy,Oil & Gas Production,39.79,39.79,2000993.0,5221313839.0,37.0,https://api.nasdaq.com/api/quote/HESM/summary?assetclass=stocks,/home/hermes/market-funnel/nasdaq_summary_archive/20260523T034226Z/symbols/HESM/nasdaq_summary.json
HIMS,"Hims & Hers Health, Inc.",NYSE,Health Care,Medical/Nursing Services,24.01,24.01,14780571.0,5497120256.0,26.5,https://api.nasdaq.com/api/quote/HIMS/summary?assetclass=stocks,/home/hermes/market-funnel/nasdaq_summary_archive/20260523T034226Z/symbols/HIMS/nasdaq_summary.json
HIMX,"Himax Technologies, Inc.",NASDAQ,Technology,Semiconductors,19.89,19.89,4287841.0,3669921231.0,23.7,https://api.nasdaq.com/api/quote/HIMX/summary?assetclass=stocks,/home/hermes/market-funnel/nasdaq_summary_archive/20260523T034226Z/symbols/HIMX/nasdaq_summary.json
HL,HECLA MINING CO/DE/,NYSE,Industrials,Mining & Quarrying of Nonmetallic Minerals (No Fuels),17.3,17.3,11834573.0,11388696603.0,24.0,https://api.nasdaq.com/api/quote/HL/summary?assetclass=stocks,/home/hermes/market-funnel/nasdaq_summary_archive/20260523T034226Z/symbols/HL/nasdaq_summary.json
HLIT,HARMONIC INC.,NASDAQ,Technology,Radio And Television Broadcasting And Communications Equipment,12.7,12.7,12974029.0,1649145827.0,15.0,https://api.nasdaq.com/api/quote/HLIT/summary?assetclass=stocks,/home/hermes/market-funnel/nasdaq_summary_archive/20260523T034226Z/symbols/HLIT/nasdaq_summary.json
HLX,HELIX ENERGY SOLUTIONS GROUP INC,NYSE,Energy,Oilfield Services/Equipment,10.04,10.04,1200900.0,1484744607.0,14.0,https://api.nasdaq.com/api/quote/HLX/summary?assetclass=stocks,/home/hermes/market-funnel/nasdaq_summary_archive/20260523T034226Z/symbols/HLX/nasdaq_summary.json
HMC,HONDA MOTOR CO LTD,NYSE,Industrials,Auto Manufacturing,26.26,26.26,1410758.0,38350702790.0,29.82,https://api.nasdaq.com/api/quote/HMC/summary?assetclass=stocks,/home/hermes/market-funnel/nasdaq_summary_archive/20260523T034226Z/symbols/HMC/nasdaq_summary.json
HMY,HARMONY GOLD MINING CO LTD,NYSE,Basic Materials,Precious Metals,17.19,17.19,2822258.0,10638707054.0,21.02,https://api.nasdaq.com/api/quote/HMY/summary?assetclass=stocks,/home/hermes/market-funnel/nasdaq_summary_archive/20260523T034226Z/symbols/HMY/nasdaq_summary.json
HNGE,"Hinge Health, Inc.",NYSE,Technology,EDP Services,55.12,55.12,1306230.0,4275252127.0,70.0,https://api.nasdaq.com/api/quote/HNGE/summary?assetclass=stocks,/home/hermes/market-funnel/nasdaq_summary_archive/20260523T034226Z/symbols/HNGE/nasdaq_summary.json
HOG,"HARLEY-DAVIDSON, INC.",NYSE,Consumer Discretionary,Motor Vehicles,23.2,23.2,2502625.0,2498016806.0,27.0,https://api.nasdaq.com/api/quote/HOG/summary?assetclass=stocks,/home/hermes/market-funnel/nasdaq_summary_archive/20260523T034226Z/symbols/HOG/nasdaq_summary.json
HOMB,HOME BANCSHARES INC,NYSE,Finance,Major Banks,26.6,26.6,1174197.0,5359611186.0,31.0,https://api.nasdaq.com/api/quote/HOMB/summary?assetclass=stocks,/home/hermes/market-funnel/nasdaq_summary_archive/20260523T034226Z/symbols/HOMB/nasdaq_summary.json
HPE,Hewlett Packard Enterprise Co,NYSE,Technology,Retail: Computer Software & Peripheral Equipment,33.97,33.97,30722426.0,49863176665.0,28.0,https://api.nasdaq.com/api/quote/HPE/summary?assetclass=stocks,/home/hermes/market-funnel/nasdaq_summary_archive/20260523T034226Z/symbols/HPE/nasdaq_summary.json
HPQ,HP INC,NYSE,Technology,Computer Manufacturing,21.9,21.9,48674189.0,23164889664.0,20.0,https://api.nasdaq.com/api/quote/HPQ/summary?assetclass=stocks,/home/hermes/market-funnel/nasdaq_summary_archive/20260523T034226Z/symbols/HPQ/nasdaq_summary.json
HR,Healthcare Realty Trust Inc,NYSE,Real Estate,Real Estate Investment Trusts,20.36,20.36,2766815.0,7055179328.0,20.5,https://api.nasdaq.com/api/quote/HR/summary?assetclass=stocks,/home/hermes/market-funnel/nasdaq_summary_archive/20260523T034226Z/symbols/HR/nasdaq_summary.json
HRB,H&R BLOCK INC,NYSE,Consumer Discretionary,Other Consumer Services,37.89,37.89,1895408.0,4929704450.0,39.5,https://api.nasdaq.com/api/quote/HRB/summary?assetclass=stocks,/home/hermes/market-funnel/nasdaq_summary_archive/20260523T034226Z/symbols/HRB/nasdaq_summary.json
HRL,HORMEL FOODS CORP /DE/,NYSE,Consumer Staples,Meat/Poultry/Fish,21.08,21.08,4567182.0,11688036557.0,25.0,https://api.nasdaq.com/api/quote/HRL/summary?assetclass=stocks,/home/hermes/market-funnel/nasdaq_summary_archive/20260523T034226Z/symbols/HRL/nasdaq_summary.json
HSAI,Hesai Group,NASDAQ,Industrials,Industrial Machinery/Components,20.9,20.9,2567443.0,3227358005.0,30.0,https://api.nasdaq.com/api/quote/HSAI/summary?assetclass=stocks,/home/hermes/market-funnel/nasdaq_summary_archive/20260523T034226Z/symbols/HSAI/nasdaq_summary.json
HSIC,HENRY SCHEIN INC,NASDAQ,Health Care,Medical Specialities,73.5,73.5,1023200.0,8453762537.0,88.5,https://api.nasdaq.com/api/quote/HSIC/summary?assetclass=stocks,/home/hermes/market-funnel/nasdaq_summary_archive/20260523T034226Z/symbols/HSIC/nasdaq_summary.json
HST,"HOST HOTELS & RESORTS, INC.",NASDAQ,Real Estate,Real Estate Investment Trusts,22.41,22.41,7644036.0,15327598309.0,23.0,https://api.nasdaq.com/api/quote/HST/summary?assetclass=stocks,/home/hermes/market-funnel/nasdaq_summary_archive/20260523T034226Z/symbols/HST/nasdaq_summary.json
HTGC,"Hercules Capital, Inc.",NYSE,Finance,Investment Managers,15.47,15.47,1517218.0,2870399171.0,19.25,https://api.nasdaq.com/api/quote/HTGC/summary?assetclass=stocks,/home/hermes/market-funnel/nasdaq_summary_archive/20260523T034226Z/symbols/HTGC/nasdaq_summary.json
HTHT,H World Group Ltd,NASDAQ,Consumer Discretionary,Hotels/Resorts,46.35,46.35,2666260.0,13773991853.0,60.0,https://api.nasdaq.com/api/quote/HTHT/summary?assetclass=stocks,/home/hermes/market-funnel/nasdaq_summary_archive/20260523T034226Z/symbols/HTHT/nasdaq_summary.json
HUN,Huntsman CORP,NYSE,Industrials,Major Chemicals,14.38,14.38,4114463.0,2544315615.0,15.0,https://api.nasdaq.com/api/quote/HUN/summary?assetclass=stocks,/home/hermes/market-funnel/nasdaq_summary_archive/20260523T034226Z/symbols/HUN/nasdaq_summary.json
HYMC,HYCROFT MINING HOLDING CORP,NASDAQ,Basic Materials,Precious Metals,33.29,33.29,1362413.0,2952774624.0,,https://api.nasdaq.com/api/quote/HYMC/summary?assetclass=stocks,/home/hermes/market-funnel/nasdaq_summary_archive/20260523T034226Z/symbols/HYMC/nasdaq_summary.json
IAG,IAMGOLD CORP,NYSE,Basic Materials,Precious Metals,16.78,16.78,3707501.0,9583252000.0,25.2,https://api.nasdaq.com/api/quote/IAG/summary?assetclass=stocks,/home/hermes/market-funnel/nasdaq_summary_archive/20260523T034226Z/symbols/IAG/nasdaq_summary.json
IBN,ICICI BANK LTD,NYSE,Finance,Commercial Banks,25.89,25.89,6184614.0,92690658261.0,36.0,https://api.nasdaq.com/api/quote/IBN/summary?assetclass=stocks,/home/hermes/market-funnel/nasdaq_summary_archive/20260523T034226Z/symbols/IBN/nasdaq_summary.json
ICHR,"ICHOR HOLDINGS, LTD.",NASDAQ,Technology,Semiconductors,65.32,65.32,1111021.0,2404431975.0,77.0,https://api.nasdaq.com/api/quote/ICHR/summary?assetclass=stocks,/home/hermes/market-funnel/nasdaq_summary_archive/20260523T034226Z/symbols/ICHR/nasdaq_summary.json
IE,Ivanhoe Electric Inc.,NYSE,Basic Materials,Metal Mining,12.26,12.26,1356377.0,1867840797.0,21.0,https://api.nasdaq.com/api/quote/IE/summary?assetclass=stocks,/home/hermes/market-funnel/nasdaq_summary_archive/20260523T034226Z/symbols/IE/nasdaq_summary.json
IMAX,IMAX CORP,NYSE,Consumer Discretionary,Industrial Machinery/Components,33.88,33.88,3894579.0,2145934485.0,46.0,https://api.nasdaq.com/api/quote/IMAX/summary?assetclass=stocks,/home/hermes/market-funnel/nasdaq_summary_archive/20260523T034226Z/symbols/IMAX/nasdaq_summary.json
IMNM,Immunome Inc.,NASDAQ,Health Care,Biotechnology: Pharmaceutical Preparations,22.96,22.96,1027371.0,2453003534.0,35.0,https://api.nasdaq.com/api/quote/IMNM/summary?assetclass=stocks,/home/hermes/market-funnel/nasdaq_summary_archive/20260523T034226Z/symbols/IMNM/nasdaq_summary.json
IMVT,"Immunovant, Inc.",NASDAQ,Health Care,Biotechnology: Biological Products (No Diagnostic Substances),34.13,34.13,1685458.0,7011299516.0,44.0,https://api.nasdaq.com/api/quote/IMVT/summary?assetclass=stocks,/home/hermes/market-funnel/nasdaq_summary_archive/20260523T034226Z/symbols/IMVT/nasdaq_summary.json
INDV,"Indivior Pharmaceuticals, Inc.",NASDAQ,Health Care,Biotechnology: Pharmaceutical Preparations,37.46,37.46,1061774.0,4682611345.0,50.0,https://api.nasdaq.com/api/quote/INDV/summary?assetclass=stocks,/home/hermes/market-funnel/nasdaq_summary_archive/20260523T034226Z/symbols/INDV/nasdaq_summary.json
INFQ,"Infleqtion, Inc.",NYSE,Technology,EDP Services,14.7,14.7,65626226.0,3567519168.0,21.0,https://api.nasdaq.com/api/quote/INFQ/summary?assetclass=stocks,/home/hermes/market-funnel/nasdaq_summary_archive/20260523T034226Z/symbols/INFQ/nasdaq_summary.json
INFY,Infosys Ltd,NYSE,Technology,EDP Services,12.64,12.64,19027472.0,52633882688.0,14.0,https://api.nasdaq.com/api/quote/INFY/summary?assetclass=stocks,/home/hermes/market-funnel/nasdaq_summary_archive/20260523T034226Z/symbols/INFY/nasdaq_summary.json
ING,ING GROEP NV,NYSE,Finance,Commercial Banks,30.66,30.66,2332594.0,88524349484.0,29.95,https://api.nasdaq.com/api/quote/ING/summary?assetclass=stocks,/home/hermes/market-funnel/nasdaq_summary_archive/20260523T034226Z/symbols/ING/nasdaq_summary.json
INGM,Ingram Micro Holding Corp,NYSE,Technology,Retail: Computer Software & Peripheral Equipment,25.77,25.77,1311303.0,6171063666.0,32.0,https://api.nasdaq.com/api/quote/INGM/summary?assetclass=stocks,/home/hermes/market-funnel/nasdaq_summary_archive/20260523T034226Z/symbols/INGM/nasdaq_summary.json
INSP,"Inspire Medical Systems, Inc.",NYSE,Health Care,Medical/Dental Instruments,44.74,44.74,1382090.0,1263168628.0,54.5,https://api.nasdaq.com/api/quote/INSP/summary?assetclass=stocks,/home/hermes/market-funnel/nasdaq_summary_archive/20260523T034226Z/symbols/INSP/nasdaq_summary.json
INVA,"Innoviva, Inc.",NASDAQ,Health Care,Biotechnology: Pharmaceutical Preparations,22.2,22.2,1187365.0,1657744503.0,39.0,https://api.nasdaq.com/api/quote/INVA/summary?assetclass=stocks,/home/hermes/market-funnel/nasdaq_summary_archive/20260523T034226Z/symbols/INVA/nasdaq_summary.json
INVH,Invitation Homes Inc.,NYSE,Finance,Real Estate,29.03,29.03,4077937.0,17399488891.0,32.0,https://api.nasdaq.com/api/quote/INVH/summary?assetclass=stocks,/home/hermes/market-funnel/nasdaq_summary_archive/20260523T034226Z/symbols/INVH/nasdaq_summary.json
IONQ,"IonQ, Inc.",NYSE,Technology,EDP Services,58.89,58.89,52650276.0,23754899491.0,65.0,https://api.nasdaq.com/api/quote/IONQ/summary?assetclass=stocks,/home/hermes/market-funnel/nasdaq_summary_archive/20260523T034226Z/symbols/IONQ/nasdaq_summary.json
IOT,Samsara Inc.,NYSE,Technology,EDP Services,30.15,30.15,3354324.0,18151419054.0,42.0,https://api.nasdaq.com/api/quote/IOT/summary?assetclass=stocks,/home/hermes/market-funnel/nasdaq_summary_archive/20260523T034226Z/symbols/IOT/nasdaq_summary.json
IP,INTERNATIONAL PAPER CO /NEW/,NYSE,Basic Materials,Paper,31.5,31.5,6173962.0,16568586116.0,41.5,https://api.nasdaq.com/api/quote/IP/summary?assetclass=stocks,/home/hermes/market-funnel/nasdaq_summary_archive/20260523T034226Z/symbols/IP/nasdaq_summary.json
IR,Ingersoll Rand Inc.,NYSE,Industrials,Industrial Machinery/Components,70.28,70.28,4447995.0,27749694899.0,92.5,https://api.nasdaq.com/api/quote/IR/summary?assetclass=stocks,/home/hermes/market-funnel/nasdaq_summary_archive/20260523T034226Z/symbols/IR/nasdaq_summary.json
IRDM,Iridium Communications Inc.,NASDAQ,Telecommunications,Telecommunications Equipment,45.7,45.7,2247350.0,5163743017.0,39.0,https://api.nasdaq.com/api/quote/IRDM/summary?assetclass=stocks,/home/hermes/market-funnel/nasdaq_summary_archive/20260523T034226Z/symbols/IRDM/nasdaq_summary.json
IREN,IREN Ltd,NASDAQ,Technology,EDP Services,58.06,58.06,36374598.0,20309830043.0,80.0,https://api.nasdaq.com/api/quote/IREN/summary?assetclass=stocks,/home/hermes/market-funnel/nasdaq_summary_archive/20260523T034226Z/symbols/IREN/nasdaq_summary.json
IRT,"INDEPENDENCE REALTY TRUST, INC.",NYSE,Real Estate,Real Estate Investment Trusts,16.79,16.79,2902686.0,3974149539.0,19.0,https://api.nasdaq.com/api/quote/IRT/summary?assetclass=stocks,/home/hermes/market-funnel/nasdaq_summary_archive/20260523T034226Z/symbols/IRT/nasdaq_summary.json
IVZ,Invesco Ltd.,NYSE,Finance,Investment Managers,26.98,26.98,2603990.0,11991173814.0,29.0,https://api.nasdaq.com/api/quote/IVZ/summary?assetclass=stocks,/home/hermes/market-funnel/nasdaq_summary_archive/20260523T034226Z/symbols/IVZ/nasdaq_summary.json
JBS,JBS N.V.,NYSE,Consumer Staples,Meat/Poultry/Fish,13.28,13.28,7318973.0,14146283360.0,19.5,https://api.nasdaq.com/api/quote/JBS/summary?assetclass=stocks,/home/hermes/market-funnel/nasdaq_summary_archive/20260523T034226Z/symbols/JBS/nasdaq_summary.json
JD,"JD.com, Inc.",NASDAQ,Consumer Discretionary,Other Specialty Stores,31.47,31.47,10415422.0,41684848741.0,40.0,https://api.nasdaq.com/api/quote/JD/summary?assetclass=stocks,/home/hermes/market-funnel/nasdaq_summary_archive/20260523T034226Z/symbols/JD/nasdaq_summary.json
JEF,Jefferies Financial Group Inc.,NYSE,Finance,Investment Bankers/Brokers/Service,52.45,52.45,2271929.0,10626391318.0,54.0,https://api.nasdaq.com/api/quote/JEF/summary?assetclass=stocks,/home/hermes/market-funnel/nasdaq_summary_archive/20260523T034226Z/symbols/JEF/nasdaq_summary.json
JHG,JANUS HENDERSON GROUP PLC,NYSE,Finance,Investment Managers,51.7,51.7,3013235.0,7982657250.0,52.0,https://api.nasdaq.com/api/quote/JHG/summary?assetclass=stocks,/home/hermes/market-funnel/nasdaq_summary_archive/20260523T034226Z/symbols/JHG/nasdaq_summary.json
JHX,James Hardie Industries plc,NYSE,Industrials,Building Materials,20.81,20.81,5271051.0,12047330660.0,28.18,https://api.nasdaq.com/api/quote/JHX/summary?assetclass=stocks,/home/hermes/market-funnel/nasdaq_summary_archive/20260523T034226Z/symbols/JHX/nasdaq_summary.json
JOBY,"Joby Aviation, Inc.",NYSE,Industrials,Aerospace,10.4,10.4,36013439.0,10741379944.0,10.25,https://api.nasdaq.com/api/quote/JOBY/summary?assetclass=stocks,/home/hermes/market-funnel/nasdaq_summary_archive/20260523T034226Z/symbols/JOBY/nasdaq_summary.json
KALV,"KalVista Pharmaceuticals, Inc.",NASDAQ,Health Care,Biotechnology: Pharmaceutical Preparations,26.77,26.77,1565743.0,1426323390.0,27.0,https://api.nasdaq.com/api/quote/KALV/summary?assetclass=stocks,/home/hermes/market-funnel/nasdaq_summary_archive/20260523T034226Z/symbols/KALV/nasdaq_summary.json
KBR,"KBR, INC.",NYSE,Industrials,Military/Government/Technical,32.1,32.1,1649573.0,4242391961.0,45.0,https://api.nasdaq.com/api/quote/KBR/summary?assetclass=stocks,/home/hermes/market-funnel/nasdaq_summary_archive/20260523T034226Z/symbols/KBR/nasdaq_summary.json
KC,Kingsoft Cloud Holdings Ltd,NASDAQ,Technology,Computer Software: Prepackaged Software,13.63,13.63,2017496.0,4257036622.0,19.2,https://api.nasdaq.com/api/quote/KC/summary?assetclass=stocks,/home/hermes/market-funnel/nasdaq_summary_archive/20260523T034226Z/symbols/KC/nasdaq_summary.json
KD,"Kyndryl Holdings, Inc.",NYSE,Technology,EDP Services,12.07,12.07,2627597.0,2770745990.0,15.0,https://api.nasdaq.com/api/quote/KD/summary?assetclass=stocks,/home/hermes/market-funnel/nasdaq_summary_archive/20260523T034226Z/symbols/KD/nasdaq_summary.json
KDP,Keurig Dr Pepper Inc.,NASDAQ,Consumer Staples,Beverages (Production/Distribution),28.78,28.78,5933210.0,39619491796.0,33.0,https://api.nasdaq.com/api/quote/KDP/summary?assetclass=stocks,/home/hermes/market-funnel/nasdaq_summary_archive/20260523T034226Z/symbols/KDP/nasdaq_summary.json
KEY,KEYCORP /NEW/,NYSE,Finance,Major Banks,21.49,21.49,6087320.0,23375905833.0,24.0,https://api.nasdaq.com/api/quote/KEY/summary?assetclass=stocks,/home/hermes/market-funnel/nasdaq_summary_archive/20260523T034226Z/symbols/KEY/nasdaq_summary.json
KGC,KINROSS GOLD CORP,NYSE,Basic Materials,Precious Metals,28.68,28.68,4630553.0,33781089000.0,43.75,https://api.nasdaq.com/api/quote/KGC/summary?assetclass=stocks,/home/hermes/market-funnel/nasdaq_summary_archive/20260523T034226Z/symbols/KGC/nasdaq_summary.json
KGS,"Kodiak Gas Services, Inc.",NYSE,Utilities,Natural Gas Distribution,72.39,72.39,1058243.0,6541264589.0,81.0,https://api.nasdaq.com/api/quote/KGS/summary?assetclass=stocks,/home/hermes/market-funnel/nasdaq_summary_archive/20260523T034226Z/symbols/KGS/nasdaq_summary.json
KHC,Kraft Heinz Co,NASDAQ,Consumer Staples,Packaged Foods,23.54,23.54,11190489.0,28209650008.0,23.0,https://api.nasdaq.com/api/quote/KHC/summary?assetclass=stocks,/home/hermes/market-funnel/nasdaq_summary_archive/20260523T034226Z/symbols/KHC/nasdaq_summary.json
KIM,KIMCO REALTY CORP,NYSE,Real Estate,Real Estate Investment Trusts,24.05,24.05,3371072.0,16259537885.0,25.0,https://api.nasdaq.com/api/quote/KIM/summary?assetclass=stocks,/home/hermes/market-funnel/nasdaq_summary_archive/20260523T034226Z/symbols/KIM/nasdaq_summary.json
KLAR,Klarna Group plc,NYSE,Finance,Finance: Consumer Services,15.93,15.93,6724268.0,11692529348.0,20.0,https://api.nasdaq.com/api/quote/KLAR/summary?assetclass=stocks,/home/hermes/market-funnel/nasdaq_summary_archive/20260523T034226Z/symbols/KLAR/nasdaq_summary.json
KMI,"KINDER MORGAN, INC.",NYSE,Utilities,Natural Gas Distribution,33.5,33.5,6677008.0,75176862329.0,35.5,https://api.nasdaq.com/api/quote/KMI/summary?assetclass=stocks,/home/hermes/market-funnel/nasdaq_summary_archive/20260523T034226Z/symbols/KMI/nasdaq_summary.json
KMX,CARMAX INC,NYSE,Consumer Discretionary,Retail-Auto Dealers and Gas Stations,38.92,38.92,1882390.0,5723193963.0,39.0,https://api.nasdaq.com/api/quote/KMX/summary?assetclass=stocks,/home/hermes/market-funnel/nasdaq_summary_archive/20260523T034226Z/symbols/KMX/nasdaq_summary.json
KNX,Knight-Swift Transportation Holdings Inc.,NYSE,Industrials,Trucking Freight/Courier Services,70.25,70.25,2734263.0,11394079280.0,70.0,https://api.nasdaq.com/api/quote/KNX/summary?assetclass=stocks,/home/hermes/market-funnel/nasdaq_summary_archive/20260523T034226Z/symbols/KNX/nasdaq_summary.json
KR,KROGER CO,NYSE,Consumer Staples,Food Chains,67.07,67.07,5117432.0,41199633676.0,78.0,https://api.nasdaq.com/api/quote/KR/summary?assetclass=stocks,/home/hermes/market-funnel/nasdaq_summary_archive/20260523T034226Z/symbols/KR/nasdaq_summary.json
KRG,KITE REALTY GROUP TRUST,NYSE,Real Estate,Real Estate Investment Trusts,26.87,26.87,1330628.0,5488888874.0,28.0,https://api.nasdaq.com/api/quote/KRG/summary?assetclass=stocks,/home/hermes/market-funnel/nasdaq_summary_archive/20260523T034226Z/symbols/KRG/nasdaq_summary.json
KRMN,Karman Holdings Inc.,NYSE,Industrials,Military/Government/Technical,65.3,65.3,1846261.0,8494935766.0,107.0,https://api.nasdaq.com/api/quote/KRMN/summary?assetclass=stocks,/home/hermes/market-funnel/nasdaq_summary_archive/20260523T034226Z/symbols/KRMN/nasdaq_summary.json
KSS,KOHLS Corp,NYSE,Consumer Discretionary,Department/Specialty Retail Stores,12.7,12.7,5188392.0,1466026152.0,15.0,https://api.nasdaq.com/api/quote/KSS/summary?assetclass=stocks,/home/hermes/market-funnel/nasdaq_summary_archive/20260523T034226Z/symbols/KSS/nasdaq_summary.json
KT,KT CORP,NYSE,Telecommunications,Telecommunications Equipment,18.6,18.6,1898636.0,8833723108.0,23.07,https://api.nasdaq.com/api/quote/KT/summary?assetclass=stocks,/home/hermes/market-funnel/nasdaq_summary_archive/20260523T034226Z/symbols/KT/nasdaq_summary.json
KTOS,"KRATOS DEFENSE & SECURITY SOLUTIONS, INC.",NASDAQ,Industrials,Military/Government/Technical,54.67,54.67,2949061.0,10534872701.0,110.0,https://api.nasdaq.com/api/quote/KTOS/summary?assetclass=stocks,/home/hermes/market-funnel/nasdaq_summary_archive/20260523T034226Z/symbols/KTOS/nasdaq_summary.json
KVUE,Kenvue Inc.,NYSE,Consumer Discretionary,Specialty Chemicals,17.46,17.46,13690731.0,33657751950.0,19.0,https://api.nasdaq.com/api/quote/KVUE/summary?assetclass=stocks,/home/hermes/market-funnel/nasdaq_summary_archive/20260523T034226Z/symbols/KVUE/nasdaq_summary.json
KVYO,"Klaviyo, Inc.",NYSE,Technology,Computer Software: Prepackaged Software,14.91,14.91,7076533.0,4450290819.0,30.0,https://api.nasdaq.com/api/quote/KVYO/summary?assetclass=stocks,/home/hermes/market-funnel/nasdaq_summary_archive/20260523T034226Z/symbols/KVYO/nasdaq_summary.json
LBRDK,Liberty Broadband Corp,NASDAQ,Telecommunications,Cable & Other Pay Television Services,34.84,34.84,1167369.0,4871747934.0,130.0,https://api.nasdaq.com/api/quote/LBRDK/summary?assetclass=stocks,/home/hermes/market-funnel/nasdaq_summary_archive/20260523T034226Z/symbols/LBRDK/nasdaq_summary.json
LBRT,Liberty Energy Inc.,NYSE,Energy,Oilfield Services/Equipment,32.88,32.88,2270139.0,5196014685.0,33.0,https://api.nasdaq.com/api/quote/LBRT/summary?assetclass=stocks,/home/hermes/market-funnel/nasdaq_summary_archive/20260523T034226Z/symbols/LBRT/nasdaq_summary.json
LBTYA,Liberty Global Ltd.,NASDAQ,Telecommunications,Cable & Other Pay Television Services,12.24,12.24,1005298.0,4118015358.0,13.0,https://api.nasdaq.com/api/quote/LBTYA/summary?assetclass=stocks,/home/hermes/market-funnel/nasdaq_summary_archive/20260523T034226Z/symbols/LBTYA/nasdaq_summary.json
LC,LendingClub Corp,NYSE,Finance,Finance: Consumer Services,15.76,15.76,1010046.0,1802934958.0,22.75,https://api.nasdaq.com/api/quote/LC/summary?assetclass=stocks,/home/hermes/market-funnel/nasdaq_summary_archive/20260523T034226Z/symbols/LC/nasdaq_summary.json
LEG,LEGGETT & PLATT INC,NYSE,Consumer Discretionary,Home Furnishings,10.04,10.04,1697915.0,1362960235.0,11.5,https://api.nasdaq.com/api/quote/LEG/summary?assetclass=stocks,/home/hermes/market-funnel/nasdaq_summary_archive/20260523T034226Z/symbols/LEG/nasdaq_summary.json
LEGN,Legend Biotech Corp,NASDAQ,Health Care,Biotechnology: Pharmaceutical Preparations,27.99,27.99,2049778.0,5432147382.0,60.0,https://api.nasdaq.com/api/quote/LEGN/summary?assetclass=stocks,/home/hermes/market-funnel/nasdaq_summary_archive/20260523T034226Z/symbols/LEGN/nasdaq_summary.json
LEVI,LEVI STRAUSS & CO,NYSE,Consumer Discretionary,Apparel,21.75,21.75,2107207.0,8468809447.0,26.5,https://api.nasdaq.com/api/quote/LEVI/summary?assetclass=stocks,/home/hermes/market-funnel/nasdaq_summary_archive/20260523T034226Z/symbols/LEVI/nasdaq_summary.json
LI,Li Auto Inc.,NASDAQ,Industrials,Auto Manufacturing,16.2,16.2,6422285.0,16974579943.0,18.9,https://api.nasdaq.com/api/quote/LI/summary?assetclass=stocks,/home/hermes/market-funnel/nasdaq_summary_archive/20260523T034226Z/symbols/LI/nasdaq_summary.json
LINE,"Lineage, Inc.",NASDAQ,Real Estate,Real Estate Investment Trusts,40.05,40.05,1491732.0,9307328041.0,40.5,https://api.nasdaq.com/api/quote/LINE/summary?assetclass=stocks,/home/hermes/market-funnel/nasdaq_summary_archive/20260523T034226Z/symbols/LINE/nasdaq_summary.json
LION,Lionsgate Studios Corp.,NYSE,Consumer Discretionary,Movies/Entertainment,12.91,12.91,11246185.0,4338299268.0,12.0,https://api.nasdaq.com/api/quote/LION/summary?assetclass=stocks,/home/hermes/market-funnel/nasdaq_summary_archive/20260523T034226Z/symbols/LION/nasdaq_summary.json
LKQ,LKQ CORP,NASDAQ,Consumer Discretionary,Motor Vehicles,26.88,26.88,2878798.0,6917571170.0,41.0,https://api.nasdaq.com/api/quote/LKQ/summary?assetclass=stocks,/home/hermes/market-funnel/nasdaq_summary_archive/20260523T034226Z/symbols/LKQ/nasdaq_summary.json
LMND,"Lemonade, Inc.",NYSE,Finance,Property-Casualty Insurers,57.05,57.05,1043294.0,4341910994.0,62.0,https://api.nasdaq.com/api/quote/LMND/summary?assetclass=stocks,/home/hermes/market-funnel/nasdaq_summary_archive/20260523T034226Z/symbols/LMND/nasdaq_summary.json
LNC,LINCOLN NATIONAL CORP,NYSE,Finance,Life Insurance,35.98,35.98,1024223.0,6889411488.0,42.0,https://api.nasdaq.com/api/quote/LNC/summary?assetclass=stocks,/home/hermes/market-funnel/nasdaq_summary_archive/20260523T034226Z/symbols/LNC/nasdaq_summary.json
LNT,ALLIANT ENERGY CORP,NASDAQ,Utilities,Power Generation,73.28,73.28,1950735.0,19099586886.0,81.0,https://api.nasdaq.com/api/quote/LNT/summary?assetclass=stocks,/home/hermes/market-funnel/nasdaq_summary_archive/20260523T034226Z/symbols/LNT/nasdaq_summary.json
LPTH,LIGHTPATH TECHNOLOGIES INC,NASDAQ,Technology,Semiconductors,14.28,14.28,7850173.0,1064280449.0,15.95,https://api.nasdaq.com/api/quote/LPTH/summary?assetclass=stocks,/home/hermes/market-funnel/nasdaq_summary_archive/20260523T034226Z/symbols/LPTH/nasdaq_summary.json
LTH,"Life Time Group Holdings, Inc.",NYSE,Consumer Discretionary,Hotels/Resorts,32.95,32.95,6088462.0,7138869808.0,41.5,https://api.nasdaq.com/api/quote/LTH/summary?assetclass=stocks,/home/hermes/market-funnel/nasdaq_summary_archive/20260523T034226Z/symbols/LTH/nasdaq_summary.json
LUNR,"Intuitive Machines, Inc.",NASDAQ,Industrials,Industrial Machinery/Components,34.24,34.24,14814308.0,8303221509.0,42.0,https://api.nasdaq.com/api/quote/LUNR/summary?assetclass=stocks,/home/hermes/market-funnel/nasdaq_summary_archive/20260523T034226Z/symbols/LUNR/nasdaq_summary.json
LUV,SOUTHWEST AIRLINES CO,NYSE,Consumer Discretionary,Air Freight/Delivery Services,40.78,40.78,7030397.0,19971293913.0,45.0,https://api.nasdaq.com/api/quote/LUV/summary?assetclass=stocks,/home/hermes/market-funnel/nasdaq_summary_archive/20260523T034226Z/symbols/LUV/nasdaq_summary.json
LVS,LAS VEGAS SANDS CORP,NYSE,Consumer Discretionary,Hotels/Resorts,49.45,49.45,3827316.0,32754162975.0,69.0,https://api.nasdaq.com/api/quote/LVS/summary?assetclass=stocks,/home/hermes/market-funnel/nasdaq_summary_archive/20260523T034226Z/symbols/LVS/nasdaq_summary.json
LW,"Lamb Weston Holdings, Inc.",NYSE,Consumer Staples,Packaged Foods,42.81,42.81,1300145.0,6042065859.0,45.0,https://api.nasdaq.com/api/quote/LW/summary?assetclass=stocks,/home/hermes/market-funnel/nasdaq_summary_archive/20260523T034226Z/symbols/LW/nasdaq_summary.json
LWLG,"Lightwave Logic, Inc.",NASDAQ,Industrials,Containers/Packaging,13.17,13.17,6633844.0,1979923271.0,,https://api.nasdaq.com/api/quote/LWLG/summary?assetclass=stocks,/home/hermes/market-funnel/nasdaq_summary_archive/20260523T034226Z/symbols/LWLG/nasdaq_summary.json
LYB,LyondellBasell Industries N.V.,NYSE,Industrials,Major Chemicals,70.08,70.08,6064079.0,22504554374.0,80.0,https://api.nasdaq.com/api/quote/LYB/summary?assetclass=stocks,/home/hermes/market-funnel/nasdaq_summary_archive/20260523T034226Z/symbols/LYB/nasdaq_summary.json
LYFT,"Lyft, Inc.",NASDAQ,Consumer Discretionary,Business Services,13.48,13.48,15630677.0,5277587195.0,18.0,https://api.nasdaq.com/api/quote/LYFT/summary?assetclass=stocks,/home/hermes/market-funnel/nasdaq_summary_archive/20260523T034226Z/symbols/LYFT/nasdaq_summary.json
M,"Macy's, Inc.",NYSE,Consumer Discretionary,Department/Specialty Retail Stores,20.62,20.62,4136399.0,5449312569.0,20.0,https://api.nasdaq.com/api/quote/M/summary?assetclass=stocks,/home/hermes/market-funnel/nasdaq_summary_archive/20260523T034226Z/symbols/M/nasdaq_summary.json
MAC,MACERICH CO,NYSE,Real Estate,Real Estate Investment Trusts,22.37,22.37,2248987.0,5794820916.0,22.0,https://api.nasdaq.com/api/quote/MAC/summary?assetclass=stocks,/home/hermes/market-funnel/nasdaq_summary_archive/20260523T034226Z/symbols/MAC/nasdaq_summary.json
MAIN,Main Street Capital CORP,NYSE,Finance,Finance/Investors Services,51.02,51.02,1890477.0,4615085660.0,59.0,https://api.nasdaq.com/api/quote/MAIN/summary?assetclass=stocks,/home/hermes/market-funnel/nasdaq_summary_archive/20260523T034226Z/symbols/MAIN/nasdaq_summary.json
MAIR,Madison Air Solutions Corp,NYSE,Industrials,Pollution Control Equipment,38.77,38.77,1145537.0,20070769599.0,49.0,https://api.nasdaq.com/api/quote/MAIR/summary?assetclass=stocks,/home/hermes/market-funnel/nasdaq_summary_archive/20260523T034226Z/symbols/MAIR/nasdaq_summary.json
MARA,"MARA Holdings, Inc.",NASDAQ,Technology,EDP Services,13.55,13.55,40169136.0,5265345646.0,15.5,https://api.nasdaq.com/api/quote/MARA/summary?assetclass=stocks,/home/hermes/market-funnel/nasdaq_summary_archive/20260523T034226Z/symbols/MARA/nasdaq_summary.json
MAS,MASCO CORP /DE/,NYSE,Industrials,Industrial Specialties,67.15,67.15,2337725.0,13568658233.0,79.5,https://api.nasdaq.com/api/quote/MAS/summary?assetclass=stocks,/home/hermes/market-funnel/nasdaq_summary_archive/20260523T034226Z/symbols/MAS/nasdaq_summary.json
MAT,MATTEL INC /DE/,NASDAQ,Consumer Discretionary,Recreational Games/Products/Toys,14.97,14.97,3966192.0,4385154000.0,18.0,https://api.nasdaq.com/api/quote/MAT/summary?assetclass=stocks,/home/hermes/market-funnel/nasdaq_summary_archive/20260523T034226Z/symbols/MAT/nasdaq_summary.json
MDA,MDA Space Ltd.,NYSE,Consumer Discretionary,Electronic Components,41.19,41.19,1024997.0,5977606518.0,41.0,https://api.nasdaq.com/api/quote/MDA/summary?assetclass=stocks,/home/hermes/market-funnel/nasdaq_summary_archive/20260523T034226Z/symbols/MDA/nasdaq_summary.json
MDLN,Medline Inc.,NASDAQ,Health Care,Medical/Dental Instruments,37.1,37.1,43070755.0,48619598950.0,53.0,https://api.nasdaq.com/api/quote/MDLN/summary?assetclass=stocks,/home/hermes/market-funnel/nasdaq_summary_archive/20260523T034226Z/symbols/MDLN/nasdaq_summary.json
MDLZ,"Mondelez International, Inc.",NASDAQ,Consumer Staples,Packaged Foods,61.5,61.5,7050139.0,79278209548.0,68.0,https://api.nasdaq.com/api/quote/MDLZ/summary?assetclass=stocks,/home/hermes/market-funnel/nasdaq_summary_archive/20260523T034226Z/symbols/MDLZ/nasdaq_summary.json
MDU,MDU RESOURCES GROUP INC,NYSE,Industrials,Mining & Quarrying of Nonmetallic Minerals (No Fuels),21.83,21.83,2024867.0,4631573492.0,23.0,https://api.nasdaq.com/api/quote/MDU/summary?assetclass=stocks,/home/hermes/market-funnel/nasdaq_summary_archive/20260523T034226Z/symbols/MDU/nasdaq_summary.json
MEOH,METHANEX CORP,NASDAQ,Industrials,Major Chemicals,59.61,59.61,1079036.0,4651139492.0,73.5,https://api.nasdaq.com/api/quote/MEOH/summary?assetclass=stocks,/home/hermes/market-funnel/nasdaq_summary_archive/20260523T034226Z/symbols/MEOH/nasdaq_summary.json
MFC,MANULIFE FINANCIAL CORP,NYSE,Finance,Life Insurance,39.04,39.04,1477366.0,64302351504.0,41.4,https://api.nasdaq.com/api/quote/MFC/summary?assetclass=stocks,/home/hermes/market-funnel/nasdaq_summary_archive/20260523T034226Z/symbols/MFC/nasdaq_summary.json
MGM,MGM Resorts International,NYSE,Consumer Discretionary,Hotels/Resorts,37.66,37.66,4837551.0,9824687424.0,44.0,https://api.nasdaq.com/api/quote/MGM/summary?assetclass=stocks,/home/hermes/market-funnel/nasdaq_summary_archive/20260523T034226Z/symbols/MGM/nasdaq_summary.json
MGNI,"MAGNITE, INC.",NASDAQ,Technology,"Computer Software: Programming, Data Processing",13.19,13.19,1390314.0,1890438040.0,21.5,https://api.nasdaq.com/api/quote/MGNI/summary?assetclass=stocks,/home/hermes/market-funnel/nasdaq_summary_archive/20260523T034226Z/symbols/MGNI/nasdaq_summary.json
MGY,Magnolia Oil & Gas Corp,NYSE,Energy,Oil & Gas Production,29.24,29.24,1546817.0,5407876859.0,33.0,https://api.nasdaq.com/api/quote/MGY/summary?assetclass=stocks,/home/hermes/market-funnel/nasdaq_summary_archive/20260523T034226Z/symbols/MGY/nasdaq_summary.json
MIR,"Mirion Technologies, Inc.",NYSE,Industrials,Industrial Machinery/Components,17.61,17.61,4595597.0,4595212010.0,28.0,https://api.nasdaq.com/api/quote/MIR/summary?assetclass=stocks,/home/hermes/market-funnel/nasdaq_summary_archive/20260523T034226Z/symbols/MIR/nasdaq_summary.json
MKC,MCCORMICK & CO INC,NYSE,Consumer Staples,Packaged Foods,46.96,46.96,2682516.0,12845053566.0,64.0,https://api.nasdaq.com/api/quote/MKC/summary?assetclass=stocks,/home/hermes/market-funnel/nasdaq_summary_archive/20260523T034226Z/symbols/MKC/nasdaq_summary.json
MO,"ALTRIA GROUP, INC.",NYSE,Health Care,Medicinal Chemicals and Botanical Products,73.71,73.71,4505980.0,123404962267.0,70.0,https://api.nasdaq.com/api/quote/MO/summary?assetclass=stocks,/home/hermes/market-funnel/nasdaq_summary_archive/20260523T034226Z/symbols/MO/nasdaq_summary.json
MOS,MOSAIC CO,NYSE,Industrials,Agricultural Chemicals,21.94,21.94,8060091.0,7154727956.0,26.5,https://api.nasdaq.com/api/quote/MOS/summary?assetclass=stocks,/home/hermes/market-funnel/nasdaq_summary_archive/20260523T034226Z/symbols/MOS/nasdaq_summary.json
MP,MP Materials Corp. / DE,NYSE,Basic Materials,Metal Mining,61.74,61.74,6847765.0,11475310883.0,81.0,https://api.nasdaq.com/api/quote/MP/summary?assetclass=stocks,/home/hermes/market-funnel/nasdaq_summary_archive/20260523T034226Z/symbols/MP/nasdaq_summary.json
MPLX,MPLX LP,NYSE,Energy,Natural Gas Distribution,55.62,55.62,1794073.0,57302013112.0,60.0,https://api.nasdaq.com/api/quote/MPLX/summary?assetclass=stocks,/home/hermes/market-funnel/nasdaq_summary_archive/20260523T034226Z/symbols/MPLX/nasdaq_summary.json
MRNA,"Moderna, Inc.",NASDAQ,Health Care,Biotechnology: Biological Products (No Diagnostic Substances),47.26,47.26,4223682.0,18601339822.0,45.0,https://api.nasdaq.com/api/quote/MRNA/summary?assetclass=stocks,/home/hermes/market-funnel/nasdaq_summary_archive/20260523T034226Z/symbols/MRNA/nasdaq_summary.json
MRP,"Millrose Properties, Inc.",NYSE,Finance,Real Estate,27.55,27.55,1597940.0,4587904223.0,39.0,https://api.nasdaq.com/api/quote/MRP/summary?assetclass=stocks,/home/hermes/market-funnel/nasdaq_summary_archive/20260523T034226Z/symbols/MRP/nasdaq_summary.json
MT,ArcelorMittal,NYSE,Industrials,Steel/Iron Ore,64.11,64.11,2355668.0,50295194120.0,64.0,https://api.nasdaq.com/api/quote/MT/summary?assetclass=stocks,/home/hermes/market-funnel/nasdaq_summary_archive/20260523T034226Z/symbols/MT/nasdaq_summary.json
MTCH,"Match Group, Inc.",NASDAQ,Technology,"Computer Software: Programming, Data Processing",35.66,35.66,2603483.0,8350941631.0,40.0,https://api.nasdaq.com/api/quote/MTCH/summary?assetclass=stocks,/home/hermes/market-funnel/nasdaq_summary_archive/20260523T034226Z/symbols/MTCH/nasdaq_summary.json
MTDR,Matador Resources Co,NYSE,Energy,Oil & Gas Production,56.09,56.09,1483915.0,7033454777.0,73.0,https://api.nasdaq.com/api/quote/MTDR/summary?assetclass=stocks,/home/hermes/market-funnel/nasdaq_summary_archive/20260523T034226Z/symbols/MTDR/nasdaq_summary.json
MTG,MGIC INVESTMENT CORP,NYSE,Finance,Property-Casualty Insurers,26.17,26.17,1347515.0,5498746968.0,29.0,https://api.nasdaq.com/api/quote/MTG/summary?assetclass=stocks,/home/hermes/market-funnel/nasdaq_summary_archive/20260523T034226Z/symbols/MTG/nasdaq_summary.json
MUFG,MITSUBISHI UFJ FINANCIAL GROUP INC,NYSE,Finance,Commercial Banks,19.38,19.38,3150329.0,230233591848.0,22.24,https://api.nasdaq.com/api/quote/MUFG/summary?assetclass=stocks,/home/hermes/market-funnel/nasdaq_summary_archive/20260523T034226Z/symbols/MUFG/nasdaq_summary.json
MUR,MURPHY OIL CORP,NYSE,Energy,Oil & Gas Production,37.77,37.77,1227499.0,5447283888.0,42.0,https://api.nasdaq.com/api/quote/MUR/summary?assetclass=stocks,/home/hermes/market-funnel/nasdaq_summary_archive/20260523T034226Z/symbols/MUR/nasdaq_summary.json
MWA,"Mueller Water Products, Inc.",NYSE,Industrials,Metal Fabrications,25.12,25.12,1048059.0,3960283009.0,32.0,https://api.nasdaq.com/api/quote/MWA/summary?assetclass=stocks,/home/hermes/market-funnel/nasdaq_summary_archive/20260523T034226Z/symbols/MWA/nasdaq_summary.json
MWH,"SOLV Energy, Inc.",NASDAQ,Industrials,Military/Government/Technical,38.12,38.12,1066280.0,7780084289.0,50.0,https://api.nasdaq.com/api/quote/MWH/summary?assetclass=stocks,/home/hermes/market-funnel/nasdaq_summary_archive/20260523T034226Z/symbols/MWH/nasdaq_summary.json
NATL,NCR Atleos Corp,NYSE,Miscellaneous,Office Equipment/Supplies/Services,44.82,44.82,1412271.0,3297220022.0,50.4,https://api.nasdaq.com/api/quote/NATL/summary?assetclass=stocks,/home/hermes/market-funnel/nasdaq_summary_archive/20260523T034226Z/symbols/NATL/nasdaq_summary.json
NAVN,"Navan, Inc.",NASDAQ,Technology,Computer Software: Prepackaged Software,18.55,18.55,4620013.0,5020745072.0,22.0,https://api.nasdaq.com/api/quote/NAVN/summary?assetclass=stocks,/home/hermes/market-funnel/nasdaq_summary_archive/20260523T034226Z/symbols/NAVN/nasdaq_summary.json
NCLH,Norwegian Cruise Line Holdings Ltd.,NYSE,Consumer Discretionary,Marine Transportation,16.47,16.47,18965501.0,7483495282.0,20.5,https://api.nasdaq.com/api/quote/NCLH/summary?assetclass=stocks,/home/hermes/market-funnel/nasdaq_summary_archive/20260523T034226Z/symbols/NCLH/nasdaq_summary.json
NCNO,"nCino, Inc.",NASDAQ,Technology,Computer Software: Prepackaged Software,15.83,15.83,2746967.0,1748329190.0,23.0,https://api.nasdaq.com/api/quote/NCNO/summary?assetclass=stocks,/home/hermes/market-funnel/nasdaq_summary_archive/20260523T034226Z/symbols/NCNO/nasdaq_summary.json
NE,Noble Corp plc,NYSE,Energy,Oil & Gas Production,52.34,52.34,1147026.0,8296389088.0,49.5,https://api.nasdaq.com/api/quote/NE/summary?assetclass=stocks,/home/hermes/market-funnel/nasdaq_summary_archive/20260523T034226Z/symbols/NE/nasdaq_summary.json
NESR,National Energy Services Reunited Corp.,NASDAQ,Energy,Oilfield Services/Equipment,26.29,26.29,1335294.0,2597825289.0,32.0,https://api.nasdaq.com/api/quote/NESR/summary?assetclass=stocks,/home/hermes/market-funnel/nasdaq_summary_archive/20260523T034226Z/symbols/NESR/nasdaq_summary.json
NI,NISOURCE INC.,NYSE,Utilities,Power Generation,47.71,47.71,2489793.0,22833806063.0,52.0,https://api.nasdaq.com/api/quote/NI/summary?assetclass=stocks,/home/hermes/market-funnel/nasdaq_summary_archive/20260523T034226Z/symbols/NI/nasdaq_summary.json
NKE,"NIKE, Inc.",NYSE,Consumer Discretionary,Shoe Manufacturing,44.39,44.39,14905139.0,66151223764.0,55.5,https://api.nasdaq.com/api/quote/NKE/summary?assetclass=stocks,/home/hermes/market-funnel/nasdaq_summary_archive/20260523T034226Z/symbols/NKE/nasdaq_summary.json
NLY,ANNALY CAPITAL MANAGEMENT INC,NYSE,Real Estate,Real Estate Investment Trusts,21.63,21.63,4826484.0,15711711144.0,24.25,https://api.nasdaq.com/api/quote/NLY/summary?assetclass=stocks,/home/hermes/market-funnel/nasdaq_summary_archive/20260523T034226Z/symbols/NLY/nasdaq_summary.json
NMRK,"NEWMARK GROUP, INC.",NASDAQ,Finance,Real Estate,14.53,14.53,1158815.0,2591904668.0,19.0,https://api.nasdaq.com/api/quote/NMRK/summary?assetclass=stocks,/home/hermes/market-funnel/nasdaq_summary_archive/20260523T034226Z/symbols/NMRK/nasdaq_summary.json
NN,NEXTNAV INC.,NASDAQ,Industrials,Industrial Machinery/Components,21.38,21.38,1524525.0,2966139054.0,27.0,https://api.nasdaq.com/api/quote/NN/summary?assetclass=stocks,/home/hermes/market-funnel/nasdaq_summary_archive/20260523T034226Z/symbols/NN/nasdaq_summary.json
NNE,Nano Nuclear Energy Inc.,NASDAQ,Utilities,Electric Utilities: Central,25.08,25.08,2138422.0,1392186449.0,45.5,https://api.nasdaq.com/api/quote/NNE/summary?assetclass=stocks,/home/hermes/market-funnel/nasdaq_summary_archive/20260523T034226Z/symbols/NNE/nasdaq_summary.json
NNN,"NNN REIT, INC.",NYSE,Real Estate,Real Estate Investment Trusts,44.98,44.98,1452926.0,8561167965.0,46.0,https://api.nasdaq.com/api/quote/NNN/summary?assetclass=stocks,/home/hermes/market-funnel/nasdaq_summary_archive/20260523T034226Z/symbols/NNN/nasdaq_summary.json
NOG,"NORTHERN OIL & GAS, INC.",NYSE,Energy,Oil & Gas Production,23.62,23.62,1581411.0,2512539171.0,36.0,https://api.nasdaq.com/api/quote/NOG/summary?assetclass=stocks,/home/hermes/market-funnel/nasdaq_summary_archive/20260523T034226Z/symbols/NOG/nasdaq_summary.json
NOK,NOKIA CORP,NYSE,Technology,Radio And Television Broadcasting And Communications Equipment,14.18,14.18,127727733.0,88832448097.0,12.85,https://api.nasdaq.com/api/quote/NOK/summary?assetclass=stocks,/home/hermes/market-funnel/nasdaq_summary_archive/20260523T034226Z/symbols/NOK/nasdaq_summary.json
NOV,NOV Inc.,NYSE,Consumer Discretionary,Oil and Gas Field Machinery,20.86,20.86,2091287.0,7468469269.0,22.0,https://api.nasdaq.com/api/quote/NOV/summary?assetclass=stocks,/home/hermes/market-funnel/nasdaq_summary_archive/20260523T034226Z/symbols/NOV/nasdaq_summary.json
NRIX,"Nurix Therapeutics, Inc.",NASDAQ,Health Care,Biotechnology: Pharmaceutical Preparations,17.53,17.53,1053817.0,1809601728.0,30.0,https://api.nasdaq.com/api/quote/NRIX/summary?assetclass=stocks,/home/hermes/market-funnel/nasdaq_summary_archive/20260523T034226Z/symbols/NRIX/nasdaq_summary.json
NTLA,"Intellia Therapeutics, Inc.",NASDAQ,Health Care,Biotechnology: In Vitro & In Vivo Diagnostic Substances,12.37,12.37,3198935.0,1760500690.0,18.0,https://api.nasdaq.com/api/quote/NTLA/summary?assetclass=stocks,/home/hermes/market-funnel/nasdaq_summary_archive/20260523T034226Z/symbols/NTLA/nasdaq_summary.json
NTNX,"Nutanix, Inc.",NASDAQ,Technology,Computer Software: Prepackaged Software,44.69,44.69,5829565.0,12496794011.0,57.5,https://api.nasdaq.com/api/quote/NTNX/summary?assetclass=stocks,/home/hermes/market-funnel/nasdaq_summary_archive/20260523T034226Z/symbols/NTNX/nasdaq_summary.json
NTR,Nutrien Ltd.,NYSE,Industrials,Agricultural Chemicals,70.24,70.24,1573674.0,33800011400.0,83.0,https://api.nasdaq.com/api/quote/NTR/summary?assetclass=stocks,/home/hermes/market-funnel/nasdaq_summary_archive/20260523T034226Z/symbols/NTR/nasdaq_summary.json
NTSK,Netskope Inc,NASDAQ,Technology,Computer Software: Prepackaged Software,11.57,11.57,3058316.0,4703693119.0,17.0,https://api.nasdaq.com/api/quote/NTSK/summary?assetclass=stocks,/home/hermes/market-funnel/nasdaq_summary_archive/20260523T034226Z/symbols/NTSK/nasdaq_summary.json
NTST,NETSTREIT Corp.,NYSE,Real Estate,Real Estate Investment Trusts,20.62,20.62,1696465.0,1987034201.0,22.38,https://api.nasdaq.com/api/quote/NTST/summary?assetclass=stocks,/home/hermes/market-funnel/nasdaq_summary_archive/20260523T034226Z/symbols/NTST/nasdaq_summary.json
NU,Nu Holdings Ltd.,NYSE,Finance,Finance: Consumer Services,13.16,13.16,49642278.0,61812725335.0,19.0,https://api.nasdaq.com/api/quote/NU/summary?assetclass=stocks,/home/hermes/market-funnel/nasdaq_summary_archive/20260523T034226Z/symbols/NU/nasdaq_summary.json
NVO,NOVO NORDISK A S,NYSE,Health Care,Biotechnology: Pharmaceutical Preparations,44.39,44.39,10790956.0,200746400000.0,45.0,https://api.nasdaq.com/api/quote/NVO/summary?assetclass=stocks,/home/hermes/market-funnel/nasdaq_summary_archive/20260523T034226Z/symbols/NVO/nasdaq_summary.json
NVRI,ENVIRI Corp,NYSE,Miscellaneous,Diversified Commercial Services,19.84,19.84,2257880.0,1621029799.0,21.0,https://api.nasdaq.com/api/quote/NVRI/summary?assetclass=stocks,/home/hermes/market-funnel/nasdaq_summary_archive/20260523T034226Z/symbols/NVRI/nasdaq_summary.json
NVST,Envista Holdings Corp,NYSE,Health Care,Medical/Dental Instruments,23.63,23.63,2759875.0,3812715236.0,31.0,https://api.nasdaq.com/api/quote/NVST/summary?assetclass=stocks,/home/hermes/market-funnel/nasdaq_summary_archive/20260523T034226Z/symbols/NVST/nasdaq_summary.json
NVTS,Navitas Semiconductor Corp,NASDAQ,Technology,Semiconductors,24.38,24.38,51184372.0,6836110106.0,12.5,https://api.nasdaq.com/api/quote/NVTS/summary?assetclass=stocks,/home/hermes/market-funnel/nasdaq_summary_archive/20260523T034226Z/symbols/NVTS/nasdaq_summary.json
NWG,NatWest Group plc,NYSE,Finance,Commercial Banks,15.79,15.79,5503887.0,64417736965.0,20.63,https://api.nasdaq.com/api/quote/NWG/summary?assetclass=stocks,/home/hermes/market-funnel/nasdaq_summary_archive/20260523T034226Z/symbols/NWG/nasdaq_summary.json
NWS,NEWS CORP,NASDAQ,Consumer Discretionary,Newspapers/Magazines,30.08,30.08,1022361.0,16248219837.0,37.5,https://api.nasdaq.com/api/quote/NWS/summary?assetclass=stocks,/home/hermes/market-funnel/nasdaq_summary_archive/20260523T034226Z/symbols/NWS/nasdaq_summary.json
NWSA,NEWS CORP,NASDAQ,Consumer Discretionary,Newspapers/Magazines,26.26,26.26,3844101.0,14173396616.0,36.5,https://api.nasdaq.com/api/quote/NWSA/summary?assetclass=stocks,/home/hermes/market-funnel/nasdaq_summary_archive/20260523T034226Z/symbols/NWSA/nasdaq_summary.json
NXE,NexGen Energy Ltd.,NYSE,Basic Materials,Other Metals and Minerals,10.53,10.53,6230573.0,7055687928.0,14.54,https://api.nasdaq.com/api/quote/NXE/summary?assetclass=stocks,/home/hermes/market-funnel/nasdaq_summary_archive/20260523T034226Z/symbols/NXE/nasdaq_summary.json
NYT,NEW YORK TIMES CO,NYSE,Consumer Discretionary,Newspapers/Magazines,74.26,74.26,1319473.0,12133227917.0,88.0,https://api.nasdaq.com/api/quote/NYT/summary?assetclass=stocks,/home/hermes/market-funnel/nasdaq_summary_archive/20260523T034226Z/symbols/NYT/nasdaq_summary.json
O,REALTY INCOME CORP,NYSE,Real Estate,Real Estate Investment Trusts,62.23,62.23,4335677.0,57833186711.0,68.0,https://api.nasdaq.com/api/quote/O/summary?assetclass=stocks,/home/hermes/market-funnel/nasdaq_summary_archive/20260523T034226Z/symbols/O/nasdaq_summary.json
OBDC,Blue Owl Capital Corp,NYSE,Finance,Diversified Financial Services,11.18,11.18,2485133.0,5474248827.0,13.0,https://api.nasdaq.com/api/quote/OBDC/summary?assetclass=stocks,/home/hermes/market-funnel/nasdaq_summary_archive/20260523T034226Z/symbols/OBDC/nasdaq_summary.json
OGE,OGE ENERGY CORP.,NYSE,Utilities,Electric Utilities: Central,48.1,48.1,1042929.0,10017409541.0,51.0,https://api.nasdaq.com/api/quote/OGE/summary?assetclass=stocks,/home/hermes/market-funnel/nasdaq_summary_archive/20260523T034226Z/symbols/OGE/nasdaq_summary.json
OGN,Organon & Co.,NYSE,Health Care,Biotechnology: Pharmaceutical Preparations,13.42,13.42,2121288.0,3526729577.0,9.0,https://api.nasdaq.com/api/quote/OGN/summary?assetclass=stocks,/home/hermes/market-funnel/nasdaq_summary_archive/20260523T034226Z/symbols/OGN/nasdaq_summary.json
OHI,OMEGA HEALTHCARE INVESTORS INC,NYSE,Real Estate,Real Estate Investment Trusts,48.26,48.26,2013889.0,14264715800.0,48.0,https://api.nasdaq.com/api/quote/OHI/summary?assetclass=stocks,/home/hermes/market-funnel/nasdaq_summary_archive/20260523T034226Z/symbols/OHI/nasdaq_summary.json
OKLO,Oklo Inc.,NYSE,Utilities,Electric Utilities: Central,65.09,65.09,11410682.0,11462526224.0,85.0,https://api.nasdaq.com/api/quote/OKLO/summary?assetclass=stocks,/home/hermes/market-funnel/nasdaq_summary_archive/20260523T034226Z/symbols/OKLO/nasdaq_summary.json
OLMA,"Olema Pharmaceuticals, Inc.",NASDAQ,Health Care,Biotechnology: Pharmaceutical Preparations,14.06,14.06,1067401.0,1194913403.0,40.0,https://api.nasdaq.com/api/quote/OLMA/summary?assetclass=stocks,/home/hermes/market-funnel/nasdaq_summary_archive/20260523T034226Z/symbols/OLMA/nasdaq_summary.json
OLN,OLIN Corp,NYSE,Industrials,Major Chemicals,26.02,26.02,1431969.0,2964758927.0,30.0,https://api.nasdaq.com/api/quote/OLN/summary?assetclass=stocks,/home/hermes/market-funnel/nasdaq_summary_archive/20260523T034226Z/symbols/OLN/nasdaq_summary.json
OMC,OMNICOM GROUP INC.,NYSE,Consumer Discretionary,Advertising,73.77,73.77,2525438.0,21355514266.0,95.0,https://api.nasdaq.com/api/quote/OMC/summary?assetclass=stocks,/home/hermes/market-funnel/nasdaq_summary_archive/20260523T034226Z/symbols/OMC/nasdaq_summary.json
ONB,OLD NATIONAL BANCORP /IN/,NASDAQ,Finance,Major Banks,23.82,23.82,2153161.0,9249769620.0,28.0,https://api.nasdaq.com/api/quote/ONB/summary?assetclass=stocks,/home/hermes/market-funnel/nasdaq_summary_archive/20260523T034226Z/symbols/ONB/nasdaq_summary.json
ONON,On Holding AG,NYSE,Consumer Discretionary,Shoe Manufacturing,39.19,39.19,5118706.0,25403359464.0,51.0,https://api.nasdaq.com/api/quote/ONON/summary?assetclass=stocks,/home/hermes/market-funnel/nasdaq_summary_archive/20260523T034226Z/symbols/ONON/nasdaq_summary.json
OPCH,"Option Care Health, Inc.",NASDAQ,Health Care,Medical/Nursing Services,21.52,21.52,2480205.0,3286585659.0,30.0,https://api.nasdaq.com/api/quote/OPCH/summary?assetclass=stocks,/home/hermes/market-funnel/nasdaq_summary_archive/20260523T034226Z/symbols/OPCH/nasdaq_summary.json
ORI,OLD REPUBLIC INTERNATIONAL CORP,NYSE,Finance,Property-Casualty Insurers,39.65,39.65,1481168.0,9555235170.0,42.0,https://api.nasdaq.com/api/quote/ORI/summary?assetclass=stocks,/home/hermes/market-funnel/nasdaq_summary_archive/20260523T034226Z/symbols/ORI/nasdaq_summary.json
ORKA,"Oruka Therapeutics, Inc.",NASDAQ,Health Care,Biotechnology: In Vitro & In Vivo Diagnostic Substances,58.69,58.69,1101906.0,3655516442.0,133.0,https://api.nasdaq.com/api/quote/ORKA/summary?assetclass=stocks,/home/hermes/market-funnel/nasdaq_summary_archive/20260523T034226Z/symbols/ORKA/nasdaq_summary.json
ORLA,Orla Mining Ltd.,NYSE,Basic Materials,Precious Metals,12.28,12.28,2586930.0,4151903964.0,23.36,https://api.nasdaq.com/api/quote/ORLA/summary?assetclass=stocks,/home/hermes/market-funnel/nasdaq_summary_archive/20260523T034226Z/symbols/ORLA/nasdaq_summary.json
OSCR,"Oscar Health, Inc.",NYSE,Health Care,Medical Specialities,22.14,22.14,5321105.0,6825801520.0,20.5,https://api.nasdaq.com/api/quote/OSCR/summary?assetclass=stocks,/home/hermes/market-funnel/nasdaq_summary_archive/20260523T034226Z/symbols/OSCR/nasdaq_summary.json
OTEX,OPEN TEXT CORP,NASDAQ,Technology,EDP Services,23.22,23.22,2604555.0,5881647176.0,27.0,https://api.nasdaq.com/api/quote/OTEX/summary?assetclass=stocks,/home/hermes/market-funnel/nasdaq_summary_archive/20260523T034226Z/symbols/OTEX/nasdaq_summary.json
OTF,Blue Owl Technology Finance Corp.,NYSE,N/A,N/A,10.75,10.75,1996694.0,4917886629.0,14.0,https://api.nasdaq.com/api/quote/OTF/summary?assetclass=stocks,/home/hermes/market-funnel/nasdaq_summary_archive/20260523T034226Z/symbols/OTF/nasdaq_summary.json
OTIS,Otis Worldwide Corp,NYSE,Technology,Consumer Electronics/Appliances,71.63,71.63,3585944.0,27923018851.0,89.0,https://api.nasdaq.com/api/quote/OTIS/summary?assetclass=stocks,/home/hermes/market-funnel/nasdaq_summary_archive/20260523T034226Z/symbols/OTIS/nasdaq_summary.json
OUST,"Ouster, Inc.",NASDAQ,Industrials,Industrial Machinery/Components,35.09,35.09,5490752.0,2349964200.0,40.0,https://api.nasdaq.com/api/quote/OUST/summary?assetclass=stocks,/home/hermes/market-funnel/nasdaq_summary_archive/20260523T034226Z/symbols/OUST/nasdaq_summary.json
OUT,OUTFRONT Media Inc.,NYSE,Real Estate,Real Estate Investment Trusts,33.33,33.33,1095270.0,5915733936.0,37.5,https://api.nasdaq.com/api/quote/OUT/summary?assetclass=stocks,/home/hermes/market-funnel/nasdaq_summary_archive/20260523T034226Z/symbols/OUT/nasdaq_summary.json
OVV,Ovintiv Inc.,NYSE,Energy,Oil & Gas Production,58.87,58.87,2306398.0,16605798000.0,68.0,https://api.nasdaq.com/api/quote/OVV/summary?assetclass=stocks,/home/hermes/market-funnel/nasdaq_summary_archive/20260523T034226Z/symbols/OVV/nasdaq_summary.json
OWL,BLUE OWL CAPITAL INC.,NYSE,Finance,Investment Managers,10.2,10.2,15728238.0,15684046109.0,12.0,https://api.nasdaq.com/api/quote/OWL/summary?assetclass=stocks,/home/hermes/market-funnel/nasdaq_summary_archive/20260523T034226Z/symbols/OWL/nasdaq_summary.json
OXY,OCCIDENTAL PETROLEUM CORP /DE/,NYSE,Energy,Oil & Gas Production,58.83,58.83,7923104.0,58494466766.0,64.0,https://api.nasdaq.com/api/quote/OXY/summary?assetclass=stocks,/home/hermes/market-funnel/nasdaq_summary_archive/20260523T034226Z/symbols/OXY/nasdaq_summary.json
PAA,PLAINS ALL AMERICAN PIPELINE LP,NASDAQ,Energy,Natural Gas Distribution,23.68,23.68,2731254.0,17038590144.0,24.0,https://api.nasdaq.com/api/quote/PAA/summary?assetclass=stocks,/home/hermes/market-funnel/nasdaq_summary_archive/20260523T034226Z/symbols/PAA/nasdaq_summary.json
PAAS,PAN AMERICAN SILVER CORP,NYSE,Basic Materials,Precious Metals,54.8,54.8,2549245.0,22731614012.0,73.0,https://api.nasdaq.com/api/quote/PAAS/summary?assetclass=stocks,/home/hermes/market-funnel/nasdaq_summary_archive/20260523T034226Z/symbols/PAAS/nasdaq_summary.json
PAGP,PLAINS GP HOLDINGS LP,NASDAQ,Energy,Natural Gas Distribution,25.51,25.51,2093995.0,5135612018.0,24.0,https://api.nasdaq.com/api/quote/PAGP/summary?assetclass=stocks,/home/hermes/market-funnel/nasdaq_summary_archive/20260523T034226Z/symbols/PAGP/nasdaq_summary.json
PATH,"UiPath, Inc.",NYSE,Technology,Computer Software: Prepackaged Software,10.57,10.57,39347027.0,5688446329.0,13.0,https://api.nasdaq.com/api/quote/PATH/summary?assetclass=stocks,/home/hermes/market-funnel/nasdaq_summary_archive/20260523T034226Z/symbols/PATH/nasdaq_summary.json
PBA,PEMBINA PIPELINE CORP,NYSE,Energy,Oil & Gas Production,49.32,49.32,1713425.0,28823078308.0,47.52,https://api.nasdaq.com/api/quote/PBA/summary?assetclass=stocks,/home/hermes/market-funnel/nasdaq_summary_archive/20260523T034226Z/symbols/PBA/nasdaq_summary.json
PBF,PBF Energy Inc.,NYSE,Energy,Integrated oil Companies,39.07,39.07,2398252.0,4757183579.0,43.0,https://api.nasdaq.com/api/quote/PBF/summary?assetclass=stocks,/home/hermes/market-funnel/nasdaq_summary_archive/20260523T034226Z/symbols/PBF/nasdaq_summary.json
PBI,PITNEY BOWES INC /DE/,NYSE,Miscellaneous,Office Equipment/Supplies/Services,15.5,15.5,2141473.0,2065481731.0,16.5,https://api.nasdaq.com/api/quote/PBI/summary?assetclass=stocks,/home/hermes/market-funnel/nasdaq_summary_archive/20260523T034226Z/symbols/PBI/nasdaq_summary.json
PBR,PETROBRAS - PETROLEO BRASILEIRO SA,NYSE,Energy,Oil & Gas Production,20.03,20.03,10825671.0,128242890982.0,23.05,https://api.nasdaq.com/api/quote/PBR/summary?assetclass=stocks,/home/hermes/market-funnel/nasdaq_summary_archive/20260523T034226Z/symbols/PBR/nasdaq_summary.json
PCG,PG&E Corp,NYSE,Utilities,Power Generation,16.44,16.44,14144102.0,44192677564.0,23.0,https://api.nasdaq.com/api/quote/PCG/summary?assetclass=stocks,/home/hermes/market-funnel/nasdaq_summary_archive/20260523T034226Z/symbols/PCG/nasdaq_summary.json
PCOR,"PROCORE TECHNOLOGIES, INC.",NYSE,Technology,Computer Software: Prepackaged Software,46.38,46.38,2684570.0,7069206620.0,70.0,https://api.nasdaq.com/api/quote/PCOR/summary?assetclass=stocks,/home/hermes/market-funnel/nasdaq_summary_archive/20260523T034226Z/symbols/PCOR/nasdaq_summary.json
PCT,"PureCycle Technologies, Inc.",NASDAQ,Industrials,Major Chemicals,11.33,11.33,3915233.0,2047375386.0,14.0,https://api.nasdaq.com/api/quote/PCT/summary?assetclass=stocks,/home/hermes/market-funnel/nasdaq_summary_archive/20260523T034226Z/symbols/PCT/nasdaq_summary.json
PCVX,"Vaxcyte, Inc.",NASDAQ,Health Care,Biotechnology: Pharmaceutical Preparations,47.39,47.39,1328382.0,6830010359.0,110.0,https://api.nasdaq.com/api/quote/PCVX/summary?assetclass=stocks,/home/hermes/market-funnel/nasdaq_summary_archive/20260523T034226Z/symbols/PCVX/nasdaq_summary.json
PDI,PIMCO Dynamic Income Fund,NYSE,Finance,"Trusts, Except Educational, Religious, and Charitable",16.69,16.69,1893096.0,4037724900.0,,https://api.nasdaq.com/api/quote/PDI/summary?assetclass=stocks,/home/hermes/market-funnel/nasdaq_summary_archive/20260523T034226Z/symbols/PDI/nasdaq_summary.json
PEGA,PEGASYSTEMS INC,NASDAQ,Technology,EDP Services,34.25,34.25,1370440.0,5740436352.0,58.0,https://api.nasdaq.com/api/quote/PEGA/summary?assetclass=stocks,/home/hermes/market-funnel/nasdaq_summary_archive/20260523T034226Z/symbols/PEGA/nasdaq_summary.json
PENG,"Penguin Solutions, Inc.",NASDAQ,Technology,Semiconductors,48.81,48.81,3178030.0,2700274901.0,33.0,https://api.nasdaq.com/api/quote/PENG/summary?assetclass=stocks,/home/hermes/market-funnel/nasdaq_summary_archive/20260523T034226Z/symbols/PENG/nasdaq_summary.json
PENN,"PENN Entertainment, Inc.",NASDAQ,Consumer Discretionary,Hotels/Resorts,16.7,16.7,3204166.0,2259276102.0,21.0,https://api.nasdaq.com/api/quote/PENN/summary?assetclass=stocks,/home/hermes/market-funnel/nasdaq_summary_archive/20260523T034226Z/symbols/PENN/nasdaq_summary.json
PFE,PFIZER INC,NYSE,Health Care,Biotechnology: Pharmaceutical Preparations,25.95,25.95,22320057.0,147615603977.0,28.0,https://api.nasdaq.com/api/quote/PFE/summary?assetclass=stocks,/home/hermes/market-funnel/nasdaq_summary_archive/20260523T034226Z/symbols/PFE/nasdaq_summary.json
PGNY,"Progyny, Inc.",NASDAQ,Health Care,Misc Health and Biotechnology Services,24.69,24.69,1464435.0,1948909366.0,30.0,https://api.nasdaq.com/api/quote/PGNY/summary?assetclass=stocks,/home/hermes/market-funnel/nasdaq_summary_archive/20260523T034226Z/symbols/PGNY/nasdaq_summary.json
PGY,Pagaya Technologies Ltd.,NASDAQ,Finance,Finance: Consumer Services,13.08,13.08,3815149.0,1083298340.0,27.0,https://api.nasdaq.com/api/quote/PGY/summary?assetclass=stocks,/home/hermes/market-funnel/nasdaq_summary_archive/20260523T034226Z/symbols/PGY/nasdaq_summary.json
PHG,KONINKLIJKE PHILIPS NV,NYSE,Health Care,Medical Electronics,27.15,27.15,1001851.0,25637236771.0,30.1,https://api.nasdaq.com/api/quote/PHG/summary?assetclass=stocks,/home/hermes/market-funnel/nasdaq_summary_archive/20260523T034226Z/symbols/PHG/nasdaq_summary.json
PINS,"PINTEREST, INC.",NYSE,Technology,"Computer Software: Programming, Data Processing",18.85,18.85,12786252.0,10805434838.0,27.5,https://api.nasdaq.com/api/quote/PINS/summary?assetclass=stocks,/home/hermes/market-funnel/nasdaq_summary_archive/20260523T034226Z/symbols/PINS/nasdaq_summary.json
PK,Park Hotels & Resorts Inc.,NYSE,Consumer Discretionary,Hotels/Resorts,11.46,11.46,5103765.0,2317674721.0,11.0,https://api.nasdaq.com/api/quote/PK/summary?assetclass=stocks,/home/hermes/market-funnel/nasdaq_summary_archive/20260523T034226Z/symbols/PK/nasdaq_summary.json
PL,Planet Labs PBC,NYSE,Technology,Radio And Television Broadcasting And Communications Equipment,42.48,42.48,9811856.0,15351709347.0,35.0,https://api.nasdaq.com/api/quote/PL/summary?assetclass=stocks,/home/hermes/market-funnel/nasdaq_summary_archive/20260523T034226Z/symbols/PL/nasdaq_summary.json
PLNT,"Planet Fitness, Inc.",NYSE,Consumer Discretionary,Hotels/Resorts,50.48,50.48,1847364.0,4134996543.0,64.0,https://api.nasdaq.com/api/quote/PLNT/summary?assetclass=stocks,/home/hermes/market-funnel/nasdaq_summary_archive/20260523T034226Z/symbols/PLNT/nasdaq_summary.json
POET,POET TECHNOLOGIES INC.,NASDAQ,Technology,Semiconductors,14.82,14.82,33765995.0,2230717682.0,7.3,https://api.nasdaq.com/api/quote/POET/summary?assetclass=stocks,/home/hermes/market-funnel/nasdaq_summary_archive/20260523T034226Z/symbols/POET/nasdaq_summary.json
POR,PORTLAND GENERAL ELECTRIC CO /OR/,NYSE,Utilities,Electric Utilities: Central,49.57,49.57,1831387.0,5765669148.0,51.0,https://api.nasdaq.com/api/quote/POR/summary?assetclass=stocks,/home/hermes/market-funnel/nasdaq_summary_archive/20260523T034226Z/symbols/POR/nasdaq_summary.json
POWI,POWER INTEGRATIONS INC,NASDAQ,Technology,Semiconductors,70.48,70.48,1163458.0,3947760866.0,73.5,https://api.nasdaq.com/api/quote/POWI/summary?assetclass=stocks,/home/hermes/market-funnel/nasdaq_summary_archive/20260523T034226Z/symbols/POWI/nasdaq_summary.json
PPL,PPL Corp,NYSE,Utilities,Electric Utilities: Central,36.17,36.17,6548574.0,27325365148.0,42.0,https://api.nasdaq.com/api/quote/PPL/summary?assetclass=stocks,/home/hermes/market-funnel/nasdaq_summary_archive/20260523T034226Z/symbols/PPL/nasdaq_summary.json
PPTA,PERPETUA RESOURCES CORP.,NASDAQ,Basic Materials,Precious Metals,26.72,26.72,2736902.0,3167392816.0,39.8,https://api.nasdaq.com/api/quote/PPTA/summary?assetclass=stocks,/home/hermes/market-funnel/nasdaq_summary_archive/20260523T034226Z/symbols/PPTA/nasdaq_summary.json
PR,Permian Resources Corp,NYSE,Energy,Oil & Gas Production,20.43,20.43,7377887.0,17114169255.0,25.0,https://api.nasdaq.com/api/quote/PR/summary?assetclass=stocks,/home/hermes/market-funnel/nasdaq_summary_archive/20260523T034226Z/symbols/PR/nasdaq_summary.json
PRCT,PROCEPT BioRobotics Corp,NASDAQ,Health Care,Medical/Dental Instruments,28.93,28.93,1120090.0,1650646476.0,31.0,https://api.nasdaq.com/api/quote/PRCT/summary?assetclass=stocks,/home/hermes/market-funnel/nasdaq_summary_archive/20260523T034226Z/symbols/PRCT/nasdaq_summary.json
PRGO,PERRIGO Co plc,NYSE,Health Care,Biotechnology: Pharmaceutical Preparations,11.35,11.35,2283532.0,1552486379.0,15.0,https://api.nasdaq.com/api/quote/PRGO/summary?assetclass=stocks,/home/hermes/market-funnel/nasdaq_summary_archive/20260523T034226Z/symbols/PRGO/nasdaq_summary.json
PRM,"Perimeter Solutions, Inc.",NYSE,Industrials,Major Chemicals,31.4,31.4,1266884.0,5073251659.0,37.0,https://api.nasdaq.com/api/quote/PRM/summary?assetclass=stocks,/home/hermes/market-funnel/nasdaq_summary_archive/20260523T034226Z/symbols/PRM/nasdaq_summary.json
PRMB,Primo Brands Corp,NYSE,Consumer Staples,Beverages (Production/Distribution),23.09,23.09,2870414.0,8523782521.0,27.5,https://api.nasdaq.com/api/quote/PRMB/summary?assetclass=stocks,/home/hermes/market-funnel/nasdaq_summary_archive/20260523T034226Z/symbols/PRMB/nasdaq_summary.json
PSKY,Paramount Skydance Corp,NASDAQ,Industrials,Broadcasting,10.28,10.28,5045316.0,11706550187.0,12.0,https://api.nasdaq.com/api/quote/PSKY/summary?assetclass=stocks,/home/hermes/market-funnel/nasdaq_summary_archive/20260523T034226Z/symbols/PSKY/nasdaq_summary.json
PTEN,PATTERSON UTI ENERGY INC,NASDAQ,Energy,Oil & Gas Production,12.21,12.21,5651926.0,4673093308.0,12.0,https://api.nasdaq.com/api/quote/PTEN/summary?assetclass=stocks,/home/hermes/market-funnel/nasdaq_summary_archive/20260523T034226Z/symbols/PTEN/nasdaq_summary.json
PTRN,Pattern Group Inc.,NASDAQ,Consumer Discretionary,Catalog/Specialty Distribution,17.61,17.61,1379389.0,3222500069.0,23.0,https://api.nasdaq.com/api/quote/PTRN/summary?assetclass=stocks,/home/hermes/market-funnel/nasdaq_summary_archive/20260523T034226Z/symbols/PTRN/nasdaq_summary.json
PUMP,ProPetro Holding Corp.,NYSE,Energy,Oilfield Services/Equipment,17.44,17.44,7855530.0,2078357743.0,20.0,https://api.nasdaq.com/api/quote/PUMP/summary?assetclass=stocks,/home/hermes/market-funnel/nasdaq_summary_archive/20260523T034226Z/symbols/PUMP/nasdaq_summary.json
PYPL,"PayPal Holdings, Inc.",NASDAQ,Industrials,Diversified Commercial Services,44.3,44.3,10691690.0,39015525955.0,48.0,https://api.nasdaq.com/api/quote/PYPL/summary?assetclass=stocks,/home/hermes/market-funnel/nasdaq_summary_archive/20260523T034226Z/symbols/PYPL/nasdaq_summary.json
QBTS,D-Wave Quantum Inc.,NYSE,Technology,EDP Services,25.74,25.74,141703219.0,10782085469.0,37.0,https://api.nasdaq.com/api/quote/QBTS/summary?assetclass=stocks,/home/hermes/market-funnel/nasdaq_summary_archive/20260523T034226Z/symbols/QBTS/nasdaq_summary.json
QFIN,"Qfin Holdings, Inc.",NASDAQ,Finance,Finance: Consumer Services,12.36,12.36,3144626.0,1418409449.0,25.4,https://api.nasdaq.com/api/quote/QFIN/summary?assetclass=stocks,/home/hermes/market-funnel/nasdaq_summary_archive/20260523T034226Z/symbols/QFIN/nasdaq_summary.json
QGEN,QIAGEN N.V.,NYSE,Health Care,Biotechnology: Biological Products (No Diagnostic Substances),34.89,34.89,1197071.0,7247649063.0,41.5,https://api.nasdaq.com/api/quote/QGEN/summary?assetclass=stocks,/home/hermes/market-funnel/nasdaq_summary_archive/20260523T034226Z/symbols/QGEN/nasdaq_summary.json
QUBT,Quantum Computing Inc.,NASDAQ,Technology,Computer Software: Prepackaged Software,11.41,11.41,68053944.0,2776335690.0,18.0,https://api.nasdaq.com/api/quote/QUBT/summary?assetclass=stocks,/home/hermes/market-funnel/nasdaq_summary_archive/20260523T034226Z/symbols/QUBT/nasdaq_summary.json
QXO,"QXO, Inc.",NYSE,Consumer Discretionary,RETAIL: Building Materials,17.03,17.03,9522883.0,12088551060.0,30.0,https://api.nasdaq.com/api/quote/QXO/summary?assetclass=stocks,/home/hermes/market-funnel/nasdaq_summary_archive/20260523T034226Z/symbols/QXO/nasdaq_summary.json
RAL,Ralliant Corp,NYSE,Industrials,Industrial Machinery/Components,59.85,59.85,1332861.0,6889485259.0,65.0,https://api.nasdaq.com/api/quote/RAL/summary?assetclass=stocks,/home/hermes/market-funnel/nasdaq_summary_archive/20260523T034226Z/symbols/RAL/nasdaq_summary.json
RAMP,"LiveRamp Holdings, Inc.",NYSE,Technology,EDP Services,37.83,37.83,1627411.0,2379808504.0,38.25,https://api.nasdaq.com/api/quote/RAMP/summary?assetclass=stocks,/home/hermes/market-funnel/nasdaq_summary_archive/20260523T034226Z/symbols/RAMP/nasdaq_summary.json
RARE,Ultragenyx Pharmaceutical Inc.,NASDAQ,Health Care,Biotechnology: Pharmaceutical Preparations,23.71,23.71,1130581.0,2303662949.0,48.5,https://api.nasdaq.com/api/quote/RARE/summary?assetclass=stocks,/home/hermes/market-funnel/nasdaq_summary_archive/20260523T034226Z/symbols/RARE/nasdaq_summary.json
RBLX,Roblox Corp,NYSE,Technology,Computer Software: Prepackaged Software,46.14,46.14,10135649.0,34481536359.0,62.0,https://api.nasdaq.com/api/quote/RBLX/summary?assetclass=stocks,/home/hermes/market-funnel/nasdaq_summary_archive/20260523T034226Z/symbols/RBLX/nasdaq_summary.json
RBRK,"Rubrik, Inc.",NYSE,Technology,Computer Software: Prepackaged Software,64.79,64.79,2430289.0,13704876979.0,84.0,https://api.nasdaq.com/api/quote/RBRK/summary?assetclass=stocks,/home/hermes/market-funnel/nasdaq_summary_archive/20260523T034226Z/symbols/RBRK/nasdaq_summary.json
RCI,ROGERS COMMUNICATIONS INC,NYSE,Telecommunications,Cable & Other Pay Television Services,36.65,36.65,1388326.0,19772208575.0,44.0,https://api.nasdaq.com/api/quote/RCI/summary?assetclass=stocks,/home/hermes/market-funnel/nasdaq_summary_archive/20260523T034226Z/symbols/RCI/nasdaq_summary.json
RDN,RADIAN GROUP INC,NYSE,Finance,Property-Casualty Insurers,37.21,37.21,1441856.0,4830988871.0,43.0,https://api.nasdaq.com/api/quote/RDN/summary?assetclass=stocks,/home/hermes/market-funnel/nasdaq_summary_archive/20260523T034226Z/symbols/RDN/nasdaq_summary.json
RDW,Redwire Corp,NYSE,Industrials,Military/Government/Technical,15.35,15.35,55447735.0,3479088553.0,15.0,https://api.nasdaq.com/api/quote/RDW/summary?assetclass=stocks,/home/hermes/market-funnel/nasdaq_summary_archive/20260523T034226Z/symbols/RDW/nasdaq_summary.json
RELX,RELX PLC,NYSE,Consumer Discretionary,Business Services,33.34,33.34,1705063.0,60209497110.0,47.9,https://api.nasdaq.com/api/quote/RELX/summary?assetclass=stocks,/home/hermes/market-funnel/nasdaq_summary_archive/20260523T034226Z/symbols/RELX/nasdaq_summary.json
RELY,"Remitly Global, Inc.",NASDAQ,Consumer Discretionary,Business Services,21.57,21.57,2151100.0,4543908085.0,27.5,https://api.nasdaq.com/api/quote/RELY/summary?assetclass=stocks,/home/hermes/market-funnel/nasdaq_summary_archive/20260523T034226Z/symbols/RELY/nasdaq_summary.json
REXR,"Rexford Industrial Realty, Inc.",NYSE,Real Estate,Real Estate Investment Trusts,36.06,36.06,2030033.0,8166481545.0,40.0,https://api.nasdaq.com/api/quote/REXR/summary?assetclass=stocks,/home/hermes/market-funnel/nasdaq_summary_archive/20260523T034226Z/symbols/REXR/nasdaq_summary.json
REYN,Reynolds Consumer Products Inc.,NASDAQ,Consumer Discretionary,Containers/Packaging,21.62,21.62,1115218.0,4592621145.0,24.0,https://api.nasdaq.com/api/quote/REYN/summary?assetclass=stocks,/home/hermes/market-funnel/nasdaq_summary_archive/20260523T034226Z/symbols/REYN/nasdaq_summary.json
REZI,"RESIDEO TECHNOLOGIES, INC.",NYSE,Industrials,Wholesale Distributors,29.01,29.01,1001856.0,4355019238.0,49.0,https://api.nasdaq.com/api/quote/REZI/summary?assetclass=stocks,/home/hermes/market-funnel/nasdaq_summary_archive/20260523T034226Z/symbols/REZI/nasdaq_summary.json
RF,REGIONS FINANCIAL CORP,NYSE,Finance,Major Banks,27.71,27.71,9709594.0,23749552543.0,30.0,https://api.nasdaq.com/api/quote/RF/summary?assetclass=stocks,/home/hermes/market-funnel/nasdaq_summary_archive/20260523T034226Z/symbols/RF/nasdaq_summary.json
RGTI,"Rigetti Computing, Inc.",NASDAQ,Technology,EDP Services,22.04,22.04,204233244.0,8781976481.0,30.5,https://api.nasdaq.com/api/quote/RGTI/summary?assetclass=stocks,/home/hermes/market-funnel/nasdaq_summary_archive/20260523T034226Z/symbols/RGTI/nasdaq_summary.json
RHI,ROBERT HALF INC.,NYSE,Consumer Discretionary,Professional Services,27.18,27.18,1784080.0,2793637916.0,25.0,https://api.nasdaq.com/api/quote/RHI/summary?assetclass=stocks,/home/hermes/market-funnel/nasdaq_summary_archive/20260523T034226Z/symbols/RHI/nasdaq_summary.json
RIOT,"Riot Platforms, Inc.",NASDAQ,Finance,Finance: Consumer Services,24.47,24.47,11155160.0,9252669929.0,25.0,https://api.nasdaq.com/api/quote/RIOT/summary?assetclass=stocks,/home/hermes/market-funnel/nasdaq_summary_archive/20260523T034226Z/symbols/RIOT/nasdaq_summary.json
RIVN,"Rivian Automotive, Inc. / DE",NASDAQ,Industrials,Auto Manufacturing,14.15,14.15,27073449.0,17923141031.0,17.0,https://api.nasdaq.com/api/quote/RIVN/summary?assetclass=stocks,/home/hermes/market-funnel/nasdaq_summary_archive/20260523T034226Z/symbols/RIVN/nasdaq_summary.json
RKT,"Rocket Companies, Inc.",NYSE,Finance,Finance: Consumer Services,13.87,13.87,17012538.0,39017835866.0,20.0,https://api.nasdaq.com/api/quote/RKT/summary?assetclass=stocks,/home/hermes/market-funnel/nasdaq_summary_archive/20260523T034226Z/symbols/RKT/nasdaq_summary.json
RLAY,"Relay Therapeutics, Inc.",NASDAQ,Health Care,Biotechnology: Biological Products (No Diagnostic Substances),13.66,13.66,5355400.0,2592160812.0,21.5,https://api.nasdaq.com/api/quote/RLAY/summary?assetclass=stocks,/home/hermes/market-funnel/nasdaq_summary_archive/20260523T034226Z/symbols/RLAY/nasdaq_summary.json
RNG,"RingCentral, Inc.",NYSE,Technology,EDP Services,42.22,42.22,1050623.0,3651203618.0,45.0,https://api.nasdaq.com/api/quote/RNG/summary?assetclass=stocks,/home/hermes/market-funnel/nasdaq_summary_archive/20260523T034226Z/symbols/RNG/nasdaq_summary.json
ROIV,Roivant Sciences Ltd.,NASDAQ,Health Care,Biotechnology: Pharmaceutical Preparations,30.88,30.88,5874507.0,21549340735.0,36.5,https://api.nasdaq.com/api/quote/ROIV/summary?assetclass=stocks,/home/hermes/market-funnel/nasdaq_summary_archive/20260523T034226Z/symbols/ROIV/nasdaq_summary.json
ROL,ROLLINS INC,NYSE,Consumer Discretionary,Diversified Commercial Services,53.02,53.02,2083160.0,25739047424.0,67.0,https://api.nasdaq.com/api/quote/ROL/summary?assetclass=stocks,/home/hermes/market-funnel/nasdaq_summary_archive/20260523T034226Z/symbols/ROL/nasdaq_summary.json
RPRX,Royalty Pharma plc,NASDAQ,Health Care,Biotechnology: Pharmaceutical Preparations,53.55,53.55,3054009.0,31382855118.0,59.0,https://api.nasdaq.com/api/quote/RPRX/summary?assetclass=stocks,/home/hermes/market-funnel/nasdaq_summary_archive/20260523T034226Z/symbols/RPRX/nasdaq_summary.json
RRC,RANGE RESOURCES CORP,NYSE,Energy,Oil & Gas Production,41.14,41.14,2528397.0,9672293363.0,46.5,https://api.nasdaq.com/api/quote/RRC/summary?assetclass=stocks,/home/hermes/market-funnel/nasdaq_summary_archive/20260523T034226Z/symbols/RRC/nasdaq_summary.json
RRR,"Red Rock Resorts, Inc.",NASDAQ,Consumer Discretionary,Hotels/Resorts,53.37,53.37,1230214.0,5778982636.0,67.0,https://api.nasdaq.com/api/quote/RRR/summary?assetclass=stocks,/home/hermes/market-funnel/nasdaq_summary_archive/20260523T034226Z/symbols/RRR/nasdaq_summary.json
RSI,"Rush Street Interactive, Inc.",NYSE,Consumer Discretionary,Services-Misc. Amusement & Recreation,27.4,27.4,1558141.0,6297622332.0,30.0,https://api.nasdaq.com/api/quote/RSI/summary?assetclass=stocks,/home/hermes/market-funnel/nasdaq_summary_archive/20260523T034226Z/symbols/RSI/nasdaq_summary.json
RUN,Sunrun Inc.,NASDAQ,Miscellaneous,Industrial Machinery/Components,14.445,14.445,5841028.0,3487590576.0,20.0,https://api.nasdaq.com/api/quote/RUN/summary?assetclass=stocks,/home/hermes/market-funnel/nasdaq_summary_archive/20260523T034226Z/symbols/RUN/nasdaq_summary.json
RXO,"RXO, Inc.",NYSE,Consumer Discretionary,Transportation Services,24.36,24.36,2458556.0,4019108003.0,22.0,https://api.nasdaq.com/api/quote/RXO/summary?assetclass=stocks,/home/hermes/market-funnel/nasdaq_summary_archive/20260523T034226Z/symbols/RXO/nasdaq_summary.json
RYAAY,RYANAIR HOLDINGS PLC,NASDAQ,Consumer Discretionary,Air Freight/Delivery Services,57.42,57.42,2605710.0,31374058500.0,79.0,https://api.nasdaq.com/api/quote/RYAAY/summary?assetclass=stocks,/home/hermes/market-funnel/nasdaq_summary_archive/20260523T034226Z/symbols/RYAAY/nasdaq_summary.json
RYAN,"RYAN SPECIALTY HOLDINGS, INC.",NYSE,Finance,Specialty Insurers,33.31,33.31,1800302.0,8616389682.0,42.0,https://api.nasdaq.com/api/quote/RYAN/summary?assetclass=stocks,/home/hermes/market-funnel/nasdaq_summary_archive/20260523T034226Z/symbols/RYAN/nasdaq_summary.json
RYN,RAYONIER INC,NYSE,Real Estate,Real Estate Investment Trusts,20.39,20.39,2520838.0,6123213460.0,25.0,https://api.nasdaq.com/api/quote/RYN/summary?assetclass=stocks,/home/hermes/market-funnel/nasdaq_summary_archive/20260523T034226Z/symbols/RYN/nasdaq_summary.json
S,"SentinelOne, Inc.",NYSE,Technology,Computer Software: Prepackaged Software,18.11,18.11,6993229.0,6389130054.0,18.0,https://api.nasdaq.com/api/quote/S/summary?assetclass=stocks,/home/hermes/market-funnel/nasdaq_summary_archive/20260523T034226Z/symbols/S/nasdaq_summary.json
SAIL,"SailPoint, Inc.",NASDAQ,Technology,Computer Software: Prepackaged Software,15.01,15.01,2693380.0,8933755745.0,18.0,https://api.nasdaq.com/api/quote/SAIL/summary?assetclass=stocks,/home/hermes/market-funnel/nasdaq_summary_archive/20260523T034226Z/symbols/SAIL/nasdaq_summary.json
SAN,"Banco Santander, S.A.",NYSE,Finance,Commercial Banks,12.33,12.33,16919740.0,177219450169.0,12.87,https://api.nasdaq.com/api/quote/SAN/summary?assetclass=stocks,/home/hermes/market-funnel/nasdaq_summary_archive/20260523T034226Z/symbols/SAN/nasdaq_summary.json
SARO,"StandardAero, Inc.",NYSE,Industrials,Aerospace,26.11,26.11,3700771.0,8890300531.0,35.0,https://api.nasdaq.com/api/quote/SARO/summary?assetclass=stocks,/home/hermes/market-funnel/nasdaq_summary_archive/20260523T034226Z/symbols/SARO/nasdaq_summary.json
SBH,"Sally Beauty Holdings, Inc.",NYSE,Consumer Discretionary,Other Specialty Stores,12.5,12.5,1052668.0,1203101008.0,17.0,https://api.nasdaq.com/api/quote/SBH/summary?assetclass=stocks,/home/hermes/market-funnel/nasdaq_summary_archive/20260523T034226Z/symbols/SBH/nasdaq_summary.json
SBLK,Star Bulk Carriers Corp.,NASDAQ,Consumer Discretionary,Marine Transportation,26.92,26.92,1470594.0,2944395960.0,30.0,https://api.nasdaq.com/api/quote/SBLK/summary?assetclass=stocks,/home/hermes/market-funnel/nasdaq_summary_archive/20260523T034226Z/symbols/SBLK/nasdaq_summary.json
SBRA,"Sabra Health Care REIT, Inc.",NASDAQ,Real Estate,Real Estate Investment Trusts,20.71,20.71,2100525.0,5225378768.0,22.0,https://api.nasdaq.com/api/quote/SBRA/summary?assetclass=stocks,/home/hermes/market-funnel/nasdaq_summary_archive/20260523T034226Z/symbols/SBRA/nasdaq_summary.json
SBSW,Sibanye Stillwater Ltd,NYSE,Basic Materials,Precious Metals,11.68,11.68,4364341.0,8095422375.0,17.0,https://api.nasdaq.com/api/quote/SBSW/summary?assetclass=stocks,/home/hermes/market-funnel/nasdaq_summary_archive/20260523T034226Z/symbols/SBSW/nasdaq_summary.json
SEDG,"SOLAREDGE TECHNOLOGIES, INC.",NASDAQ,Technology,Semiconductors,63.0,63.0,4079940.0,3767687614.0,36.0,https://api.nasdaq.com/api/quote/SEDG/summary?assetclass=stocks,/home/hermes/market-funnel/nasdaq_summary_archive/20260523T034226Z/symbols/SEDG/nasdaq_summary.json
SEI,"Solaris Energy Infrastructure, Inc.",NYSE,Consumer Discretionary,Oil and Gas Field Machinery,73.43,73.43,1816019.0,5461963523.0,83.0,https://api.nasdaq.com/api/quote/SEI/summary?assetclass=stocks,/home/hermes/market-funnel/nasdaq_summary_archive/20260523T034226Z/symbols/SEI/nasdaq_summary.json
SEM,SELECT MEDICAL HOLDINGS CORP,NYSE,Health Care,Hospital/Nursing Management,16.54,16.54,2778242.0,2048757536.0,16.5,https://api.nasdaq.com/api/quote/SEM/summary?assetclass=stocks,/home/hermes/market-funnel/nasdaq_summary_archive/20260523T034226Z/symbols/SEM/nasdaq_summary.json
SF,STIFEL FINANCIAL CORP,NYSE,Finance,Investment Bankers/Brokers/Service,72.63,72.63,1222861.0,11135434412.0,88.0,https://api.nasdaq.com/api/quote/SF/summary?assetclass=stocks,/home/hermes/market-funnel/nasdaq_summary_archive/20260523T034226Z/symbols/SF/nasdaq_summary.json
SFL,SFL Corp Ltd.,NYSE,Consumer Discretionary,Marine Transportation,12.64,12.64,1808221.0,1775478344.0,10.4,https://api.nasdaq.com/api/quote/SFL/summary?assetclass=stocks,/home/hermes/market-funnel/nasdaq_summary_archive/20260523T034226Z/symbols/SFL/nasdaq_summary.json
SGHC,Super Group (SGHC) Ltd,NYSE,Consumer Discretionary,Services-Misc. Amusement & Recreation,13.5,13.5,2438732.0,6864117406.0,18.0,https://api.nasdaq.com/api/quote/SGHC/summary?assetclass=stocks,/home/hermes/market-funnel/nasdaq_summary_archive/20260523T034226Z/symbols/SGHC/nasdaq_summary.json
SGI,SOMNIGROUP INTERNATIONAL INC.,NYSE,Consumer Discretionary,Home Furnishings,67.26,67.26,2461876.0,14069684339.0,98.5,https://api.nasdaq.com/api/quote/SGI/summary?assetclass=stocks,/home/hermes/market-funnel/nasdaq_summary_archive/20260523T034226Z/symbols/SGI/nasdaq_summary.json
SGML,Sigma Lithium Corp,NASDAQ,Basic Materials,Metal Mining,15.55,15.55,8748127.0,1657676328.0,21.25,https://api.nasdaq.com/api/quote/SGML/summary?assetclass=stocks,/home/hermes/market-funnel/nasdaq_summary_archive/20260523T034226Z/symbols/SGML/nasdaq_summary.json
SHAK,Shake Shack Inc.,NYSE,Consumer Discretionary,Restaurants,62.83,62.83,1473014.0,2683256997.0,100.0,https://api.nasdaq.com/api/quote/SHAK/summary?assetclass=stocks,/home/hermes/market-funnel/nasdaq_summary_archive/20260523T034226Z/symbols/SHAK/nasdaq_summary.json
SHAZ,SharonAI Holdings Inc.,NASDAQ,Technology,EDP Services,57.7,57.7,1225631.0,1139613723.0,79.5,https://api.nasdaq.com/api/quote/SHAZ/summary?assetclass=stocks,/home/hermes/market-funnel/nasdaq_summary_archive/20260523T034226Z/symbols/SHAZ/nasdaq_summary.json
SHC,Sotera Health Co,NASDAQ,Health Care,Misc Health and Biotechnology Services,15.71,15.71,2312976.0,4465715126.0,19.5,https://api.nasdaq.com/api/quote/SHC/summary?assetclass=stocks,/home/hermes/market-funnel/nasdaq_summary_archive/20260523T034226Z/symbols/SHC/nasdaq_summary.json
SHO,"Sunstone Hotel Investors, Inc.",NYSE,Consumer Discretionary,Hotels/Resorts,10.71,10.71,2963028.0,1978413287.0,10.0,https://api.nasdaq.com/api/quote/SHO/summary?assetclass=stocks,/home/hermes/market-funnel/nasdaq_summary_archive/20260523T034226Z/symbols/SHO/nasdaq_summary.json
SIRI,SIRIUS XM HOLDINGS INC.,NASDAQ,Consumer Discretionary,Broadcasting,28.99,28.99,4944057.0,9724949951.0,26.0,https://api.nasdaq.com/api/quote/SIRI/summary?assetclass=stocks,/home/hermes/market-funnel/nasdaq_summary_archive/20260523T034226Z/symbols/SIRI/nasdaq_summary.json
SKM,SK TELECOM CO LTD,NYSE,Telecommunications,Telecommunications Equipment,39.08,39.08,1781007.0,14483980800.0,27.95,https://api.nasdaq.com/api/quote/SKM/summary?assetclass=stocks,/home/hermes/market-funnel/nasdaq_summary_archive/20260523T034226Z/symbols/SKM/nasdaq_summary.json
SKT,TANGER INC.,NYSE,Real Estate,Real Estate Investment Trusts,35.8,35.8,1034302.0,4078092711.0,39.0,https://api.nasdaq.com/api/quote/SKT/summary?assetclass=stocks,/home/hermes/market-funnel/nasdaq_summary_archive/20260523T034226Z/symbols/SKT/nasdaq_summary.json
SKYT,"SkyWater Technology, Inc",NASDAQ,Technology,Semiconductors,37.0,37.0,1391052.0,1830903240.0,35.0,https://api.nasdaq.com/api/quote/SKYT/summary?assetclass=stocks,/home/hermes/market-funnel/nasdaq_summary_archive/20260523T034226Z/symbols/SKYT/nasdaq_summary.json
SLB,SLB LIMITED/NV,NYSE,Energy,Oilfield Services/Equipment,57.25,57.25,10204734.0,85636902822.0,63.5,https://api.nasdaq.com/api/quote/SLB/summary?assetclass=stocks,/home/hermes/market-funnel/nasdaq_summary_archive/20260523T034226Z/symbols/SLB/nasdaq_summary.json
SLM,SLM Corp,NASDAQ,Finance,Finance: Consumer Services,21.95,21.95,1007493.0,4177334839.0,29.0,https://api.nasdaq.com/api/quote/SLM/summary?assetclass=stocks,/home/hermes/market-funnel/nasdaq_summary_archive/20260523T034226Z/symbols/SLM/nasdaq_summary.json
SM,SM Energy Co,NYSE,Energy,Oil & Gas Production,33.25,33.25,3030716.0,8096313633.0,39.5,https://api.nasdaq.com/api/quote/SM/summary?assetclass=stocks,/home/hermes/market-funnel/nasdaq_summary_archive/20260523T034226Z/symbols/SM/nasdaq_summary.json
SMCI,"Super Micro Computer, Inc.",NASDAQ,Technology,Computer Manufacturing,33.46,33.46,39440985.0,21398469590.0,34.0,https://api.nasdaq.com/api/quote/SMCI/summary?assetclass=stocks,/home/hermes/market-funnel/nasdaq_summary_archive/20260523T034226Z/symbols/SMCI/nasdaq_summary.json
SMFG,"SUMITOMO MITSUI FINANCIAL GROUP, INC.",NYSE,Finance,Commercial Banks,22.92,22.92,1486177.0,146961519820.0,25.83,https://api.nasdaq.com/api/quote/SMFG/summary?assetclass=stocks,/home/hermes/market-funnel/nasdaq_summary_archive/20260523T034226Z/symbols/SMFG/nasdaq_summary.json
SMMT,Summit Therapeutics Inc.,NASDAQ,Health Care,Biotechnology: Pharmaceutical Preparations,17.47,17.47,6891172.0,12899823160.0,33.0,https://api.nasdaq.com/api/quote/SMMT/summary?assetclass=stocks,/home/hermes/market-funnel/nasdaq_summary_archive/20260523T034226Z/symbols/SMMT/nasdaq_summary.json
SMPL,Simply Good Foods Co,NASDAQ,Consumer Staples,Packaged Foods,11.6,11.6,1558262.0,1073199825.0,15.5,https://api.nasdaq.com/api/quote/SMPL/summary?assetclass=stocks,/home/hermes/market-funnel/nasdaq_summary_archive/20260523T034226Z/symbols/SMPL/nasdaq_summary.json
SMR,NUSCALE POWER Corp,NYSE,Industrials,Metal Fabrications,11.33,11.33,30207996.0,4166485178.0,19.0,https://api.nasdaq.com/api/quote/SMR/summary?assetclass=stocks,/home/hermes/market-funnel/nasdaq_summary_archive/20260523T034226Z/symbols/SMR/nasdaq_summary.json
SNDX,Syndax Pharmaceuticals Inc,NASDAQ,Health Care,Biotechnology: Pharmaceutical Preparations,19.77,19.77,1146150.0,1766603203.0,37.0,https://api.nasdaq.com/api/quote/SNDX/summary?assetclass=stocks,/home/hermes/market-funnel/nasdaq_summary_archive/20260523T034226Z/symbols/SNDX/nasdaq_summary.json
SNN,SMITH & NEPHEW PLC,NYSE,Health Care,Industrial Specialties,30.76,30.76,1038662.0,12971037165.0,33.48,https://api.nasdaq.com/api/quote/SNN/summary?assetclass=stocks,/home/hermes/market-funnel/nasdaq_summary_archive/20260523T034226Z/symbols/SNN/nasdaq_summary.json
SNY,Sanofi,NASDAQ,Health Care,Biotechnology: Pharmaceutical Preparations,44.92,44.92,2763388.0,108016852164.0,54.75,https://api.nasdaq.com/api/quote/SNY/summary?assetclass=stocks,/home/hermes/market-funnel/nasdaq_summary_archive/20260523T034226Z/symbols/SNY/nasdaq_summary.json
SOC,Sable Offshore Corp.,NYSE,Energy,Oil & Gas Production,14.57,14.57,2110112.0,2275309293.0,24.0,https://api.nasdaq.com/api/quote/SOC/summary?assetclass=stocks,/home/hermes/market-funnel/nasdaq_summary_archive/20260523T034226Z/symbols/SOC/nasdaq_summary.json
SOFI,"SoFi Technologies, Inc.",NASDAQ,Finance,Finance: Consumer Services,15.65,15.65,58168301.0,20036417544.0,18.0,https://api.nasdaq.com/api/quote/SOFI/summary?assetclass=stocks,/home/hermes/market-funnel/nasdaq_summary_archive/20260523T034226Z/symbols/SOFI/nasdaq_summary.json
SONO,Sonos Inc,NASDAQ,Consumer Staples,Consumer Electronics/Appliances,14.72,14.72,1740317.0,1847685687.0,21.0,https://api.nasdaq.com/api/quote/SONO/summary?assetclass=stocks,/home/hermes/market-funnel/nasdaq_summary_archive/20260523T034226Z/symbols/SONO/nasdaq_summary.json
SONY,Sony Group Corp,NYSE,Consumer Staples,Consumer Electronics/Appliances,22.56,22.56,10353204.0,133393550811.0,31.5,https://api.nasdaq.com/api/quote/SONY/summary?assetclass=stocks,/home/hermes/market-funnel/nasdaq_summary_archive/20260523T034226Z/symbols/SONY/nasdaq_summary.json
SRAD,Sportradar Group AG,NASDAQ,Technology,"Computer Software: Programming, Data Processing",13.0,13.0,1998254.0,4062198453.0,19.0,https://api.nasdaq.com/api/quote/SRAD/summary?assetclass=stocks,/home/hermes/market-funnel/nasdaq_summary_archive/20260523T034226Z/symbols/SRAD/nasdaq_summary.json
SRPT,"Sarepta Therapeutics, Inc.",NASDAQ,Health Care,Biotechnology: Pharmaceutical Preparations,16.96,16.96,1959183.0,1773680530.0,20.0,https://api.nasdaq.com/api/quote/SRPT/summary?assetclass=stocks,/home/hermes/market-funnel/nasdaq_summary_archive/20260523T034226Z/symbols/SRPT/nasdaq_summary.json
SSL,SASOL LTD,NYSE,Energy,Oil & Gas Production,13.27,13.27,1145281.0,8675651389.0,13.0,https://api.nasdaq.com/api/quote/SSL/summary?assetclass=stocks,/home/hermes/market-funnel/nasdaq_summary_archive/20260523T034226Z/symbols/SSL/nasdaq_summary.json
SSNC,SS&C Technologies Holdings Inc,NASDAQ,Technology,Computer Software: Prepackaged Software,66.95,66.95,1951288.0,16145513975.0,93.0,https://api.nasdaq.com/api/quote/SSNC/summary?assetclass=stocks,/home/hermes/market-funnel/nasdaq_summary_archive/20260523T034226Z/symbols/SSNC/nasdaq_summary.json
SSRM,SSR MINING INC.,NASDAQ,Industrials,Precious Metals,30.25,30.25,1782013.0,6434746477.0,42.08,https://api.nasdaq.com/api/quote/SSRM/summary?assetclass=stocks,/home/hermes/market-funnel/nasdaq_summary_archive/20260523T034226Z/symbols/SSRM/nasdaq_summary.json
ST,Sensata Technologies Holding plc,NYSE,Industrials,Industrial Machinery/Components,47.46,47.46,1621169.0,7066543115.0,47.0,https://api.nasdaq.com/api/quote/ST/summary?assetclass=stocks,/home/hermes/market-funnel/nasdaq_summary_archive/20260523T034226Z/symbols/ST/nasdaq_summary.json
STAG,"STAG Industrial, Inc.",NYSE,Real Estate,Real Estate Investment Trusts,38.09,38.09,1314688.0,7294472848.0,41.0,https://api.nasdaq.com/api/quote/STAG/summary?assetclass=stocks,/home/hermes/market-funnel/nasdaq_summary_archive/20260523T034226Z/symbols/STAG/nasdaq_summary.json
STEP,StepStone Group Inc.,NASDAQ,Finance,Investment Managers,54.74,54.74,1323694.0,6403748576.0,66.5,https://api.nasdaq.com/api/quote/STEP/summary?assetclass=stocks,/home/hermes/market-funnel/nasdaq_summary_archive/20260523T034226Z/symbols/STEP/nasdaq_summary.json
STM,STMicroelectronics N.V.,NYSE,Technology,Semiconductors,65.66,65.66,7692158.0,59423038643.0,57.5,https://api.nasdaq.com/api/quote/STM/summary?assetclass=stocks,/home/hermes/market-funnel/nasdaq_summary_archive/20260523T034226Z/symbols/STM/nasdaq_summary.json
STNE,StoneCo Ltd.,NASDAQ,Technology,EDP Services,11.1,11.1,5683105.0,2675510486.0,15.0,https://api.nasdaq.com/api/quote/STNE/summary?assetclass=stocks,/home/hermes/market-funnel/nasdaq_summary_archive/20260523T034226Z/symbols/STNE/nasdaq_summary.json
STWD,"STARWOOD PROPERTY TRUST, INC.",NYSE,Real Estate,Real Estate Investment Trusts,17.34,17.34,2646835.0,6410242775.0,20.0,https://api.nasdaq.com/api/quote/STWD/summary?assetclass=stocks,/home/hermes/market-funnel/nasdaq_summary_archive/20260523T034226Z/symbols/STWD/nasdaq_summary.json
SU,SUNCOR ENERGY INC,NYSE,Energy,Integrated oil Companies,67.73,67.73,1875477.0,79511381027.0,73.44,https://api.nasdaq.com/api/quote/SU/summary?assetclass=stocks,/home/hermes/market-funnel/nasdaq_summary_archive/20260523T034226Z/symbols/SU/nasdaq_summary.json
SVM,SILVERCORP METALS INC,NYSE,Basic Materials,Precious Metals,12.23,12.23,4798706.0,2616435587.0,15.33,https://api.nasdaq.com/api/quote/SVM/summary?assetclass=stocks,/home/hermes/market-funnel/nasdaq_summary_archive/20260523T034226Z/symbols/SVM/nasdaq_summary.json
SW,Smurfit Westrock plc,NYSE,Consumer Discretionary,Containers/Packaging,37.74,37.74,3886049.0,19955858168.0,54.5,https://api.nasdaq.com/api/quote/SW/summary?assetclass=stocks,/home/hermes/market-funnel/nasdaq_summary_archive/20260523T034226Z/symbols/SW/nasdaq_summary.json
SWKS,"SKYWORKS SOLUTIONS, INC.",NASDAQ,Technology,Semiconductors,73.54,73.54,5338630.0,12396459470.0,73.5,https://api.nasdaq.com/api/quote/SWKS/summary?assetclass=stocks,/home/hermes/market-funnel/nasdaq_summary_archive/20260523T034226Z/symbols/SWKS/nasdaq_summary.json
SYF,Synchrony Financial,NYSE,Finance,Finance: Consumer Services,72.0,72.0,2992594.0,24161474483.0,90.0,https://api.nasdaq.com/api/quote/SYF/summary?assetclass=stocks,/home/hermes/market-funnel/nasdaq_summary_archive/20260523T034226Z/symbols/SYF/nasdaq_summary.json
SYM,Symbotic Inc.,NASDAQ,Industrials,Industrial Machinery/Components,50.95,50.95,2926934.0,32564249214.0,70.0,https://api.nasdaq.com/api/quote/SYM/summary?assetclass=stocks,/home/hermes/market-funnel/nasdaq_summary_archive/20260523T034226Z/symbols/SYM/nasdaq_summary.json
T,AT&T INC.,NYSE,Telecommunications,Telecommunications Equipment,25.34,25.34,25280895.0,175515038972.0,31.0,https://api.nasdaq.com/api/quote/T/summary?assetclass=stocks,/home/hermes/market-funnel/nasdaq_summary_archive/20260523T034226Z/symbols/T/nasdaq_summary.json
TAC,TRANSALTA CORP,NYSE,Utilities,Electric Utilities: Central,13.5,13.5,4604962.0,4041146000.0,17.52,https://api.nasdaq.com/api/quote/TAC/summary?assetclass=stocks,/home/hermes/market-funnel/nasdaq_summary_archive/20260523T034226Z/symbols/TAC/nasdaq_summary.json
TAK,TAKEDA PHARMACEUTICAL CO LTD,NYSE,Health Care,Biotechnology: Pharmaceutical Preparations,16.48,16.48,4011452.0,51143613495.0,21.0,https://api.nasdaq.com/api/quote/TAK/summary?assetclass=stocks,/home/hermes/market-funnel/nasdaq_summary_archive/20260523T034226Z/symbols/TAK/nasdaq_summary.json
TAL,TAL Education Group,NYSE,Real Estate,Other Consumer Services,10.07,10.07,5795961.0,5959911902.0,15.6,https://api.nasdaq.com/api/quote/TAL/summary?assetclass=stocks,/home/hermes/market-funnel/nasdaq_summary_archive/20260523T034226Z/symbols/TAL/nasdaq_summary.json
TALO,TALOS ENERGY INC.,NYSE,Energy,Oil & Gas Production,15.88,15.88,1284837.0,2677490121.0,18.0,https://api.nasdaq.com/api/quote/TALO/summary?assetclass=stocks,/home/hermes/market-funnel/nasdaq_summary_archive/20260523T034226Z/symbols/TALO/nasdaq_summary.json
TAP,MOLSON COORS BEVERAGE CO,NYSE,Consumer Staples,Beverages (Production/Distribution),42.53,42.53,2107555.0,7980310368.0,45.0,https://api.nasdaq.com/api/quote/TAP/summary?assetclass=stocks,/home/hermes/market-funnel/nasdaq_summary_archive/20260523T034226Z/symbols/TAP/nasdaq_summary.json
TCOM,Trip.com Group Ltd,NASDAQ,Consumer Discretionary,Business Services,48.06,48.06,5394275.0,29199431144.0,79.5,https://api.nasdaq.com/api/quote/TCOM/summary?assetclass=stocks,/home/hermes/market-funnel/nasdaq_summary_archive/20260523T034226Z/symbols/TCOM/nasdaq_summary.json
TDC,TERADATA CORP /DE/,NYSE,Technology,Computer Software: Prepackaged Software,32.77,32.77,1488524.0,3146704000.0,34.0,https://api.nasdaq.com/api/quote/TDC/summary?assetclass=stocks,/home/hermes/market-funnel/nasdaq_summary_archive/20260523T034226Z/symbols/TDC/nasdaq_summary.json
TDS,TELEPHONE & DATA SYSTEMS INC /DE/,NYSE,Telecommunications,Telecommunications Equipment,41.2,41.2,2098922.0,4472340000.0,53.5,https://api.nasdaq.com/api/quote/TDS/summary?assetclass=stocks,/home/hermes/market-funnel/nasdaq_summary_archive/20260523T034226Z/symbols/TDS/nasdaq_summary.json
TECH,BIO-TECHNE Corp,NASDAQ,Health Care,Biotechnology: Biological Products (No Diagnostic Substances),47.37,47.37,2535188.0,7548179486.0,65.5,https://api.nasdaq.com/api/quote/TECH/summary?assetclass=stocks,/home/hermes/market-funnel/nasdaq_summary_archive/20260523T034226Z/symbols/TECH/nasdaq_summary.json
TECK,TECK RESOURCES LTD,NYSE,Industrials,Mining & Quarrying of Nonmetallic Minerals (No Fuels),63.0,63.0,2956995.0,30674753728.0,60.95,https://api.nasdaq.com/api/quote/TECK/summary?assetclass=stocks,/home/hermes/market-funnel/nasdaq_summary_archive/20260523T034226Z/symbols/TECK/nasdaq_summary.json
TEM,"Tempus AI, Inc.",NASDAQ,Technology,"Computer Software: Programming, Data Processing",46.49,46.49,4302521.0,8292300940.0,64.0,https://api.nasdaq.com/api/quote/TEM/summary?assetclass=stocks,/home/hermes/market-funnel/nasdaq_summary_archive/20260523T034226Z/symbols/TEM/nasdaq_summary.json
TENB,"Tenable Holdings, Inc.",NASDAQ,Technology,Computer Software: Prepackaged Software,25.17,25.17,3798607.0,2806421713.0,27.0,https://api.nasdaq.com/api/quote/TENB/summary?assetclass=stocks,/home/hermes/market-funnel/nasdaq_summary_archive/20260523T034226Z/symbols/TENB/nasdaq_summary.json
TEVA,TEVA PHARMACEUTICAL INDUSTRIES LTD,NYSE,Health Care,Biotechnology: Pharmaceutical Preparations,34.16,34.16,2710347.0,39672026936.0,40.0,https://api.nasdaq.com/api/quote/TEVA/summary?assetclass=stocks,/home/hermes/market-funnel/nasdaq_summary_archive/20260523T034226Z/symbols/TEVA/nasdaq_summary.json
TFC,TRUIST FINANCIAL CORP,NYSE,Finance,Major Banks,47.89,47.89,5461302.0,60275639325.0,56.0,https://api.nasdaq.com/api/quote/TFC/summary?assetclass=stocks,/home/hermes/market-funnel/nasdaq_summary_archive/20260523T034226Z/symbols/TFC/nasdaq_summary.json
TGTX,"TG THERAPEUTICS, INC.",NASDAQ,Health Care,Biotechnology: Pharmaceutical Preparations,39.24,39.24,1358543.0,5950358755.0,50.0,https://api.nasdaq.com/api/quote/TGTX/summary?assetclass=stocks,/home/hermes/market-funnel/nasdaq_summary_archive/20260523T034226Z/symbols/TGTX/nasdaq_summary.json
TLK,PERUSAHAAN PERSEROAN PERSERO PT TELEKOMUNIKASI INDONESIA TBK,NYSE,Telecommunications,Telecommunications Equipment,17.16,17.16,1266348.0,16196672414.0,24.09,https://api.nasdaq.com/api/quote/TLK/summary?assetclass=stocks,/home/hermes/market-funnel/nasdaq_summary_archive/20260523T034226Z/symbols/TLK/nasdaq_summary.json
TMDX,"TransMedics Group, Inc.",NASDAQ,Health Care,Biotechnology: Electromedical & Electrotherapeutic Apparatus,68.85,68.85,1152218.0,2382456400.0,120.0,https://api.nasdaq.com/api/quote/TMDX/summary?assetclass=stocks,/home/hermes/market-funnel/nasdaq_summary_archive/20260523T034226Z/symbols/TMDX/nasdaq_summary.json
TNDM,TANDEM DIABETES CARE INC,NASDAQ,Health Care,Medical/Dental Instruments,15.76,15.76,1989793.0,1025537817.0,28.0,https://api.nasdaq.com/api/quote/TNDM/summary?assetclass=stocks,/home/hermes/market-funnel/nasdaq_summary_archive/20260523T034226Z/symbols/TNDM/nasdaq_summary.json
TNGX,"Tango Therapeutics, Inc.",NASDAQ,Health Care,Biotechnology: Pharmaceutical Preparations,21.62,21.62,1651476.0,2927675156.0,30.0,https://api.nasdaq.com/api/quote/TNGX/summary?assetclass=stocks,/home/hermes/market-funnel/nasdaq_summary_archive/20260523T034226Z/symbols/TNGX/nasdaq_summary.json
TOST,"Toast, Inc.",NYSE,Technology,EDP Services,23.04,23.04,7542773.0,13432800000.0,35.0,https://api.nasdaq.com/api/quote/TOST/summary?assetclass=stocks,/home/hermes/market-funnel/nasdaq_summary_archive/20260523T034226Z/symbols/TOST/nasdaq_summary.json
TPG,TPG Inc.,NASDAQ,Finance,Investment Managers,41.75,41.75,1786118.0,15995079757.0,58.0,https://api.nasdaq.com/api/quote/TPG/summary?assetclass=stocks,/home/hermes/market-funnel/nasdaq_summary_archive/20260523T034226Z/symbols/TPG/nasdaq_summary.json
TREX,TREX CO INC,NYSE,Basic Materials,Forest Products,38.87,38.87,1262539.0,4070752202.0,50.0,https://api.nasdaq.com/api/quote/TREX/summary?assetclass=stocks,/home/hermes/market-funnel/nasdaq_summary_archive/20260523T034226Z/symbols/TREX/nasdaq_summary.json
TRMB,TRIMBLE INC.,NASDAQ,Industrials,Industrial Machinery/Components,55.97,55.97,2181630.0,13133502980.0,87.0,https://api.nasdaq.com/api/quote/TRMB/summary?assetclass=stocks,/home/hermes/market-funnel/nasdaq_summary_archive/20260523T034226Z/symbols/TRMB/nasdaq_summary.json
TRMD,TORM plc,NASDAQ,Consumer Discretionary,Marine Transportation,32.49,32.49,1145332.0,3170700402.0,35.0,https://api.nasdaq.com/api/quote/TRMD/summary?assetclass=stocks,/home/hermes/market-funnel/nasdaq_summary_archive/20260523T034226Z/symbols/TRMD/nasdaq_summary.json
TRN,TRINITY INDUSTRIES INC,NYSE,Industrials,Railroads,34.3,34.3,1338163.0,2601420058.0,35.5,https://api.nasdaq.com/api/quote/TRN/summary?assetclass=stocks,/home/hermes/market-funnel/nasdaq_summary_archive/20260523T034226Z/symbols/TRN/nasdaq_summary.json
TRP,TC ENERGY CORP,NYSE,Utilities,Natural Gas Distribution,70.56,70.56,2847533.0,73871690595.0,67.78,https://api.nasdaq.com/api/quote/TRP/summary?assetclass=stocks,/home/hermes/market-funnel/nasdaq_summary_archive/20260523T034226Z/symbols/TRP/nasdaq_summary.json
TRU,TransUnion,NYSE,Finance,Finance: Consumer Services,69.47,69.47,1568029.0,13623248000.0,90.0,https://api.nasdaq.com/api/quote/TRU/summary?assetclass=stocks,/home/hermes/market-funnel/nasdaq_summary_archive/20260523T034226Z/symbols/TRU/nasdaq_summary.json
TRVI,"Trevi Therapeutics, Inc.",NASDAQ,Health Care,Biotechnology: Pharmaceutical Preparations,14.16,14.16,1323236.0,2006173274.0,24.0,https://api.nasdaq.com/api/quote/TRVI/summary?assetclass=stocks,/home/hermes/market-funnel/nasdaq_summary_archive/20260523T034226Z/symbols/TRVI/nasdaq_summary.json
TS,TENARIS SA,NYSE,Industrials,Steel/Iron Ore,61.77,61.77,1381427.0,33022803819.0,62.6,https://api.nasdaq.com/api/quote/TS/summary?assetclass=stocks,/home/hermes/market-funnel/nasdaq_summary_archive/20260523T034226Z/symbols/TS/nasdaq_summary.json
TSCO,TRACTOR SUPPLY CO /DE/,NASDAQ,Consumer Discretionary,RETAIL: Building Materials,31.67,31.67,7566591.0,16583096858.0,47.0,https://api.nasdaq.com/api/quote/TSCO/summary?assetclass=stocks,/home/hermes/market-funnel/nasdaq_summary_archive/20260523T034226Z/symbols/TSCO/nasdaq_summary.json
TSN,"TYSON FOODS, INC.",NYSE,Consumer Staples,Meat/Poultry/Fish,66.47,66.47,2031807.0,22906017600.0,72.0,https://api.nasdaq.com/api/quote/TSN/summary?assetclass=stocks,/home/hermes/market-funnel/nasdaq_summary_archive/20260523T034226Z/symbols/TSN/nasdaq_summary.json
TTD,"Trade Desk, Inc.",NASDAQ,Technology,"Computer Software: Programming, Data Processing",21.28,21.28,16293641.0,10521025119.0,25.0,https://api.nasdaq.com/api/quote/TTD/summary?assetclass=stocks,/home/hermes/market-funnel/nasdaq_summary_archive/20260523T034226Z/symbols/TTD/nasdaq_summary.json
TTEK,TETRA TECH INC,NASDAQ,Consumer Discretionary,Military/Government/Technical,27.25,27.25,2679638.0,7175857927.0,40.0,https://api.nasdaq.com/api/quote/TTEK/summary?assetclass=stocks,/home/hermes/market-funnel/nasdaq_summary_archive/20260523T034226Z/symbols/TTEK/nasdaq_summary.json
TU,TELUS CORP,NYSE,Telecommunications,Telecommunications Equipment,12.42,12.42,3981545.0,19501497436.0,14.5,https://api.nasdaq.com/api/quote/TU/summary?assetclass=stocks,/home/hermes/market-funnel/nasdaq_summary_archive/20260523T034226Z/symbols/TU/nasdaq_summary.json
TWO,TWO HARBORS INVESTMENT CORP.,NYSE,Real Estate,Real Estate Investment Trusts,12.5,12.5,1543183.0,1313079163.0,11.25,https://api.nasdaq.com/api/quote/TWO/summary?assetclass=stocks,/home/hermes/market-funnel/nasdaq_summary_archive/20260523T034226Z/symbols/TWO/nasdaq_summary.json
TWST,Twist Bioscience Corp,NASDAQ,Health Care,Biotechnology: Biological Products (No Diagnostic Substances),58.835,58.835,1618078.0,3771773489.0,65.5,https://api.nasdaq.com/api/quote/TWST/summary?assetclass=stocks,/home/hermes/market-funnel/nasdaq_summary_archive/20260523T034226Z/symbols/TWST/nasdaq_summary.json
TXG,"10x Genomics, Inc.",NASDAQ,Industrials,Biotechnology: Laboratory Analytical Instruments,24.68,24.68,3799021.0,3006322556.0,24.0,https://api.nasdaq.com/api/quote/TXG/summary?assetclass=stocks,/home/hermes/market-funnel/nasdaq_summary_archive/20260523T034226Z/symbols/TXG/nasdaq_summary.json
TXNM,TXNM ENERGY INC,NYSE,Utilities,Electric Utilities: Central,59.47,59.47,1054925.0,6583760574.0,61.0,https://api.nasdaq.com/api/quote/TXNM/summary?assetclass=stocks,/home/hermes/market-funnel/nasdaq_summary_archive/20260523T034226Z/symbols/TXNM/nasdaq_summary.json
U,Unity Software Inc.,NYSE,Technology,Computer Software: Prepackaged Software,25.54,25.54,7797676.0,11162199873.0,35.0,https://api.nasdaq.com/api/quote/U/summary?assetclass=stocks,/home/hermes/market-funnel/nasdaq_summary_archive/20260523T034226Z/symbols/U/nasdaq_summary.json
UBER,"Uber Technologies, Inc",NYSE,Consumer Discretionary,Business Services,73.61,73.61,19689076.0,146196721114.0,107.0,https://api.nasdaq.com/api/quote/UBER/summary?assetclass=stocks,/home/hermes/market-funnel/nasdaq_summary_archive/20260523T034226Z/symbols/UBER/nasdaq_summary.json
UBS,UBS Group AG,NYSE,Finance,Major Banks,47.57,47.57,1646977.0,145186194009.0,61.8,https://api.nasdaq.com/api/quote/UBS/summary?assetclass=stocks,/home/hermes/market-funnel/nasdaq_summary_archive/20260523T034226Z/symbols/UBS/nasdaq_summary.json
UDR,"UDR, Inc.",NYSE,Real Estate,Real Estate Investment Trusts,37.51,37.51,4736127.0,12350043971.0,40.5,https://api.nasdaq.com/api/quote/UDR/summary?assetclass=stocks,/home/hermes/market-funnel/nasdaq_summary_archive/20260523T034226Z/symbols/UDR/nasdaq_summary.json
UEC,URANIUM ENERGY CORP,NYSE,Basic Materials,Other Metals and Minerals,13.1,13.1,7927987.0,6382674595.0,19.0,https://api.nasdaq.com/api/quote/UEC/summary?assetclass=stocks,/home/hermes/market-funnel/nasdaq_summary_archive/20260523T034226Z/symbols/UEC/nasdaq_summary.json
UGI,UGI CORP /PA/,NYSE,Utilities,Natural Gas Distribution,35.84,35.84,1429001.0,7643135833.0,44.0,https://api.nasdaq.com/api/quote/UGI/summary?assetclass=stocks,/home/hermes/market-funnel/nasdaq_summary_archive/20260523T034226Z/symbols/UGI/nasdaq_summary.json
UL,UNILEVER PLC,NYSE,Consumer Discretionary,Package Goods/Cosmetics,57.72,57.72,3690545.0,128041353440.0,72.0,https://api.nasdaq.com/api/quote/UL/summary?assetclass=stocks,/home/hermes/market-funnel/nasdaq_summary_archive/20260523T034226Z/symbols/UL/nasdaq_summary.json
UMC,UNITED MICROELECTRONICS CORP,NYSE,Technology,Semiconductors,18.35,18.35,10045699.0,45871241721.0,9.28,https://api.nasdaq.com/api/quote/UMC/summary?assetclass=stocks,/home/hermes/market-funnel/nasdaq_summary_archive/20260523T034226Z/symbols/UMC/nasdaq_summary.json
UNIT,Uniti Group Inc.,NASDAQ,Real Estate,Real Estate Investment Trusts,11.12,11.12,1199380.0,2680684798.0,11.38,https://api.nasdaq.com/api/quote/UNIT/summary?assetclass=stocks,/home/hermes/market-funnel/nasdaq_summary_archive/20260523T034226Z/symbols/UNIT/nasdaq_summary.json
UPST,"Upstart Holdings, Inc.",NASDAQ,Finance,Finance: Consumer Services,28.85,28.85,3263023.0,2733522411.0,36.0,https://api.nasdaq.com/api/quote/UPST/summary?assetclass=stocks,/home/hermes/market-funnel/nasdaq_summary_archive/20260523T034226Z/symbols/UPST/nasdaq_summary.json
URBN,URBAN OUTFITTERS INC,NASDAQ,Consumer Discretionary,Clothing/Shoe/Accessory Stores,73.76,73.76,1250489.0,6455808934.0,82.5,https://api.nasdaq.com/api/quote/URBN/summary?assetclass=stocks,/home/hermes/market-funnel/nasdaq_summary_archive/20260523T034226Z/symbols/URBN/nasdaq_summary.json
USAR,"USA Rare Earth, Inc.",NASDAQ,Basic Materials,Metal Mining,24.29,24.29,18253936.0,5642794760.0,35.0,https://api.nasdaq.com/api/quote/USAR/summary?assetclass=stocks,/home/hermes/market-funnel/nasdaq_summary_archive/20260523T034226Z/symbols/USAR/nasdaq_summary.json
USB,US BANCORP \DE\,NYSE,Finance,Major Banks,54.56,54.56,5106947.0,85112595018.0,62.0,https://api.nasdaq.com/api/quote/USB/summary?assetclass=stocks,/home/hermes/market-funnel/nasdaq_summary_archive/20260523T034226Z/symbols/USB/nasdaq_summary.json
UTI,UNIVERSAL TECHNICAL INSTITUTE INC,NYSE,Real Estate,Other Consumer Services,36.6,36.6,3352102.0,2205758923.0,41.0,https://api.nasdaq.com/api/quote/UTI/summary?assetclass=stocks,/home/hermes/market-funnel/nasdaq_summary_archive/20260523T034226Z/symbols/UTI/nasdaq_summary.json
UUUU,ENERGY FUELS INC,NYSE,Industrials,Mining & Quarrying of Nonmetallic Minerals (No Fuels),17.86,17.86,8921241.0,4507600680.0,28.0,https://api.nasdaq.com/api/quote/UUUU/summary?assetclass=stocks,/home/hermes/market-funnel/nasdaq_summary_archive/20260523T034226Z/symbols/UUUU/nasdaq_summary.json
VALE,Vale S.A.,NYSE,Basic Materials,Metal Mining,16.47,16.47,17753172.0,70361596537.0,17.0,https://api.nasdaq.com/api/quote/VALE/summary?assetclass=stocks,/home/hermes/market-funnel/nasdaq_summary_archive/20260523T034226Z/symbols/VALE/nasdaq_summary.json
VCYT,"VERACYTE, INC.",NASDAQ,Health Care,Medical Specialities,45.19,45.19,1398703.0,3593062894.0,48.0,https://api.nasdaq.com/api/quote/VCYT/summary?assetclass=stocks,/home/hermes/market-funnel/nasdaq_summary_archive/20260523T034226Z/symbols/VCYT/nasdaq_summary.json
VET,VERMILION ENERGY INC.,NYSE,Energy,Oil & Gas Production,12.3,12.3,1342863.0,1884360000.0,17.14,https://api.nasdaq.com/api/quote/VET/summary?assetclass=stocks,/home/hermes/market-funnel/nasdaq_summary_archive/20260523T034226Z/symbols/VET/nasdaq_summary.json
VFC,V F CORP,NYSE,Industrials,Garments and Clothing,16.18,16.18,9461912.0,6542554074.0,19.0,https://api.nasdaq.com/api/quote/VFC/summary?assetclass=stocks,/home/hermes/market-funnel/nasdaq_summary_archive/20260523T034226Z/symbols/VFC/nasdaq_summary.json
VG,"Venture Global, Inc.",NYSE,Utilities,Oil/Gas Transmission,13.56,13.56,11202258.0,34358671555.0,16.0,https://api.nasdaq.com/api/quote/VG/summary?assetclass=stocks,/home/hermes/market-funnel/nasdaq_summary_archive/20260523T034226Z/symbols/VG/nasdaq_summary.json
VIAV,VIAVI SOLUTIONS INC.,NASDAQ,Technology,Semiconductors,48.98,48.98,4588740.0,11580778644.0,65.0,https://api.nasdaq.com/api/quote/VIAV/summary?assetclass=stocks,/home/hermes/market-funnel/nasdaq_summary_archive/20260523T034226Z/symbols/VIAV/nasdaq_summary.json
VICI,VICI PROPERTIES INC.,NYSE,Real Estate,Real Estate Investment Trusts,28.52,28.52,12161103.0,30467360330.0,34.0,https://api.nasdaq.com/api/quote/VICI/summary?assetclass=stocks,/home/hermes/market-funnel/nasdaq_summary_archive/20260523T034226Z/symbols/VICI/nasdaq_summary.json
VIPS,Vipshop Holdings Ltd,NYSE,Consumer Discretionary,Catalog/Specialty Distribution,14.52,14.52,4289382.0,6920698481.0,20.0,https://api.nasdaq.com/api/quote/VIPS/summary?assetclass=stocks,/home/hermes/market-funnel/nasdaq_summary_archive/20260523T034226Z/symbols/VIPS/nasdaq_summary.json
VISN,"Vistance Networks, Inc.",NASDAQ,Technology,Radio And Television Broadcasting And Communications Equipment,11.9,11.9,5016346.0,2774506461.0,17.0,https://api.nasdaq.com/api/quote/VISN/summary?assetclass=stocks,/home/hermes/market-funnel/nasdaq_summary_archive/20260523T034226Z/symbols/VISN/nasdaq_summary.json
VKTX,"Viking Therapeutics, Inc.",NASDAQ,Health Care,Biotechnology: Pharmaceutical Preparations,30.68,30.68,1222923.0,3586503312.0,97.5,https://api.nasdaq.com/api/quote/VKTX/summary?assetclass=stocks,/home/hermes/market-funnel/nasdaq_summary_archive/20260523T034226Z/symbols/VKTX/nasdaq_summary.json
VLY,VALLEY NATIONAL BANCORP,NASDAQ,Finance,Major Banks,13.41,13.41,5232833.0,7508481527.0,16.0,https://api.nasdaq.com/api/quote/VLY/summary?assetclass=stocks,/home/hermes/market-funnel/nasdaq_summary_archive/20260523T034226Z/symbols/VLY/nasdaq_summary.json
VNO,VORNADO REALTY TRUST,NYSE,Real Estate,Real Estate Investment Trusts,31.63,31.63,1146250.0,6015366237.0,33.0,https://api.nasdaq.com/api/quote/VNO/summary?assetclass=stocks,/home/hermes/market-funnel/nasdaq_summary_archive/20260523T034226Z/symbols/VNO/nasdaq_summary.json
VNOM,"Viper Energy, Inc.",NASDAQ,Energy,Oil & Gas Production,46.95,46.95,1672341.0,16834708602.0,58.0,https://api.nasdaq.com/api/quote/VNOM/summary?assetclass=stocks,/home/hermes/market-funnel/nasdaq_summary_archive/20260523T034226Z/symbols/VNOM/nasdaq_summary.json
VNT,Vontier Corp,NYSE,Industrials,Industrial Machinery/Components,28.92,28.92,1595805.0,4171904000.0,41.0,https://api.nasdaq.com/api/quote/VNT/summary?assetclass=stocks,/home/hermes/market-funnel/nasdaq_summary_archive/20260523T034226Z/symbols/VNT/nasdaq_summary.json
VOD,VODAFONE GROUP PUBLIC LTD CO,NASDAQ,Telecommunications,Telecommunications Equipment,15.11,15.11,2416927.0,35495958520.0,11.58,https://api.nasdaq.com/api/quote/VOD/summary?assetclass=stocks,/home/hermes/market-funnel/nasdaq_summary_archive/20260523T034226Z/symbols/VOD/nasdaq_summary.json
VOYG,"Voyager Technologies, Inc./DE",NYSE,Industrials,Military/Government/Technical,40.1,40.1,3050940.0,2645462242.0,39.0,https://api.nasdaq.com/api/quote/VOYG/summary?assetclass=stocks,/home/hermes/market-funnel/nasdaq_summary_archive/20260523T034226Z/symbols/VOYG/nasdaq_summary.json
VRDN,"Viridian Therapeutics, Inc.\DE",NASDAQ,Health Care,Medical Specialities,17.69,17.69,2799319.0,1777008518.0,34.5,https://api.nasdaq.com/api/quote/VRDN/summary?assetclass=stocks,/home/hermes/market-funnel/nasdaq_summary_archive/20260523T034226Z/symbols/VRDN/nasdaq_summary.json
VRNS,VARONIS SYSTEMS INC,NASDAQ,Technology,Computer Software: Prepackaged Software,30.66,30.66,1531435.0,3559238650.0,36.0,https://api.nasdaq.com/api/quote/VRNS/summary?assetclass=stocks,/home/hermes/market-funnel/nasdaq_summary_archive/20260523T034226Z/symbols/VRNS/nasdaq_summary.json
VRRM,VERRA MOBILITY Corp,NASDAQ,Consumer Discretionary,Transportation Services,13.37,13.37,1704331.0,2049220749.0,22.0,https://api.nasdaq.com/api/quote/VRRM/summary?assetclass=stocks,/home/hermes/market-funnel/nasdaq_summary_archive/20260523T034226Z/symbols/VRRM/nasdaq_summary.json
VSAT,VIASAT INC,NASDAQ,Technology,Radio And Television Broadcasting And Communications Equipment,70.76,70.76,2301035.0,10127589259.0,54.5,https://api.nasdaq.com/api/quote/VSAT/summary?assetclass=stocks,/home/hermes/market-funnel/nasdaq_summary_archive/20260523T034226Z/symbols/VSAT/nasdaq_summary.json
VSCO,Victoria's Secret & Co.,NYSE,Consumer Discretionary,Clothing/Shoe/Accessory Stores,50.55,50.55,2012077.0,4165876287.0,67.0,https://api.nasdaq.com/api/quote/VSCO/summary?assetclass=stocks,/home/hermes/market-funnel/nasdaq_summary_archive/20260523T034226Z/symbols/VSCO/nasdaq_summary.json
VSH,VISHAY INTERTECHNOLOGY INC,NYSE,Technology,Electrical Products,42.17,42.17,9104406.0,6431000326.0,28.0,https://api.nasdaq.com/api/quote/VSH/summary?assetclass=stocks,/home/hermes/market-funnel/nasdaq_summary_archive/20260523T034226Z/symbols/VSH/nasdaq_summary.json
VSNT,"Versant Media Group, Inc.",NASDAQ,Industrials,Broadcasting,42.13,42.13,1638557.0,6037720300.0,43.0,https://api.nasdaq.com/api/quote/VSNT/summary?assetclass=stocks,/home/hermes/market-funnel/nasdaq_summary_archive/20260523T034226Z/symbols/VSNT/nasdaq_summary.json
VSTS,Vestis Corp,NYSE,Consumer Discretionary,Consumer Specialties,11.61,11.61,1530044.0,1550913663.0,10.0,https://api.nasdaq.com/api/quote/VSTS/summary?assetclass=stocks,/home/hermes/market-funnel/nasdaq_summary_archive/20260523T034226Z/symbols/VSTS/nasdaq_summary.json
VTRS,Viatris Inc,NASDAQ,Health Care,Biotechnology: Pharmaceutical Preparations,16.34,16.34,7362478.0,19389801689.0,18.0,https://api.nasdaq.com/api/quote/VTRS/summary?assetclass=stocks,/home/hermes/market-funnel/nasdaq_summary_archive/20260523T034226Z/symbols/VTRS/nasdaq_summary.json
VVV,VALVOLINE INC,NYSE,Industrials,Major Chemicals,33.22,33.22,1436948.0,4282661533.0,42.0,https://api.nasdaq.com/api/quote/VVV/summary?assetclass=stocks,/home/hermes/market-funnel/nasdaq_summary_archive/20260523T034226Z/symbols/VVV/nasdaq_summary.json
VZ,VERIZON COMMUNICATIONS INC,NYSE,Telecommunications,Telecommunications Equipment,48.27,48.27,14723415.0,201888273299.0,51.5,https://api.nasdaq.com/api/quote/VZ/summary?assetclass=stocks,/home/hermes/market-funnel/nasdaq_summary_archive/20260523T034226Z/symbols/VZ/nasdaq_summary.json
W,Wayfair Inc.,NYSE,Consumer Discretionary,Catalog/Specialty Distribution,66.34,66.34,3171291.0,8853005188.0,97.5,https://api.nasdaq.com/api/quote/W/summary?assetclass=stocks,/home/hermes/market-funnel/nasdaq_summary_archive/20260523T034226Z/symbols/W/nasdaq_summary.json
WAY,Waystar Holding Corp.,NASDAQ,Technology,EDP Services,18.835,18.835,2132910.0,3753778277.0,34.0,https://api.nasdaq.com/api/quote/WAY/summary?assetclass=stocks,/home/hermes/market-funnel/nasdaq_summary_archive/20260523T034226Z/symbols/WAY/nasdaq_summary.json
WBD,"Warner Bros. Discovery, Inc.",NASDAQ,Consumer Discretionary,Services-Misc. Amusement & Recreation,27.1,27.1,19347609.0,67767905055.0,31.0,https://api.nasdaq.com/api/quote/WBD/summary?assetclass=stocks,/home/hermes/market-funnel/nasdaq_summary_archive/20260523T034226Z/symbols/WBD/nasdaq_summary.json
WBS,WEBSTER FINANCIAL CORP,NYSE,Finance,Major Banks,72.58,72.58,5440782.0,11633502556.0,75.0,https://api.nasdaq.com/api/quote/WBS/summary?assetclass=stocks,/home/hermes/market-funnel/nasdaq_summary_archive/20260523T034226Z/symbols/WBS/nasdaq_summary.json
WES,"Western Midstream Partners, LP",NYSE,Utilities,Natural Gas Distribution,45.28,45.28,1355947.0,18117879407.0,43.0,https://api.nasdaq.com/api/quote/WES/summary?assetclass=stocks,/home/hermes/market-funnel/nasdaq_summary_archive/20260523T034226Z/symbols/WES/nasdaq_summary.json
WGS,GeneDx Holdings Corp.,NASDAQ,Technology,Retail: Computer Software & Peripheral Equipment,47.33,47.33,1089442.0,1404540557.0,75.0,https://api.nasdaq.com/api/quote/WGS/summary?assetclass=stocks,/home/hermes/market-funnel/nasdaq_summary_archive/20260523T034226Z/symbols/WGS/nasdaq_summary.json
WHR,WHIRLPOOL CORP /DE/,NYSE,Consumer Discretionary,Consumer Electronics/Appliances,43.21,43.21,2152264.0,2766002573.0,50.0,https://api.nasdaq.com/api/quote/WHR/summary?assetclass=stocks,/home/hermes/market-funnel/nasdaq_summary_archive/20260523T034226Z/symbols/WHR/nasdaq_summary.json
WIX,Wix.com Ltd.,NASDAQ,Technology,"Computer Software: Programming, Data Processing",55.24,55.24,1866982.0,2927974025.0,85.5,https://api.nasdaq.com/api/quote/WIX/summary?assetclass=stocks,/home/hermes/market-funnel/nasdaq_summary_archive/20260523T034226Z/symbols/WIX/nasdaq_summary.json
WMG,Warner Music Group Corp.,NASDAQ,Consumer Discretionary,Services-Misc. Amusement & Recreation,34.58,34.58,3104957.0,18110491132.0,39.5,https://api.nasdaq.com/api/quote/WMG/summary?assetclass=stocks,/home/hermes/market-funnel/nasdaq_summary_archive/20260523T034226Z/symbols/WMG/nasdaq_summary.json
WOLF,"WOLFSPEED, INC.",NYSE,Technology,Semiconductors,69.5,69.5,10944558.0,3378418371.0,40.0,https://api.nasdaq.com/api/quote/WOLF/summary?assetclass=stocks,/home/hermes/market-funnel/nasdaq_summary_archive/20260523T034226Z/symbols/WOLF/nasdaq_summary.json
WPC,W. P. Carey Inc.,NYSE,Real Estate,Real Estate Investment Trusts,74.9,74.9,1206450.0,16589608540.0,76.0,https://api.nasdaq.com/api/quote/WPC/summary?assetclass=stocks,/home/hermes/market-funnel/nasdaq_summary_archive/20260523T034226Z/symbols/WPC/nasdaq_summary.json
WRB,BERKLEY W R CORP,NYSE,Finance,Property-Casualty Insurers,67.47,67.47,1636190.0,25143570479.0,68.0,https://api.nasdaq.com/api/quote/WRB/summary?assetclass=stocks,/home/hermes/market-funnel/nasdaq_summary_archive/20260523T034226Z/symbols/WRB/nasdaq_summary.json
WRBY,Warby Parker Inc.,NYSE,Health Care,Ophthalmic Goods,24.5,24.5,1473921.0,3078925271.0,31.5,https://api.nasdaq.com/api/quote/WRBY/summary?assetclass=stocks,/home/hermes/market-funnel/nasdaq_summary_archive/20260523T034226Z/symbols/WRBY/nasdaq_summary.json
WSC,WillScot Holdings Corp,NASDAQ,Industrials,Misc Corporate Leasing Services,24.14,24.14,1649184.0,4485048146.0,27.0,https://api.nasdaq.com/api/quote/WSC/summary?assetclass=stocks,/home/hermes/market-funnel/nasdaq_summary_archive/20260523T034226Z/symbols/WSC/nasdaq_summary.json
WT,"WisdomTree, Inc.",NYSE,Finance,Investment Bankers/Brokers/Service,19.18,19.18,1968952.0,2918119374.0,20.0,https://api.nasdaq.com/api/quote/WT/summary?assetclass=stocks,/home/hermes/market-funnel/nasdaq_summary_archive/20260523T034226Z/symbols/WT/nasdaq_summary.json
WTRG,"Essential Utilities, Inc.",NYSE,Utilities,Water Supply,36.99,36.99,1154354.0,10619218884.0,42.0,https://api.nasdaq.com/api/quote/WTRG/summary?assetclass=stocks,/home/hermes/market-funnel/nasdaq_summary_archive/20260523T034226Z/symbols/WTRG/nasdaq_summary.json
WTTR,"Select Water Solutions, Inc.",NYSE,Energy,Oilfield Services/Equipment,19.64,19.64,1704038.0,2663431975.0,22.0,https://api.nasdaq.com/api/quote/WTTR/summary?assetclass=stocks,/home/hermes/market-funnel/nasdaq_summary_archive/20260523T034226Z/symbols/WTTR/nasdaq_summary.json
WULF,TERAWULF INC.,NASDAQ,Technology,EDP Services,22.92,22.92,20787625.0,11308054959.0,30.0,https://api.nasdaq.com/api/quote/WULF/summary?assetclass=stocks,/home/hermes/market-funnel/nasdaq_summary_archive/20260523T034226Z/symbols/WULF/nasdaq_summary.json
WWW,WOLVERINE WORLD WIDE INC /DE/,NYSE,Consumer Discretionary,Shoe Manufacturing,16.17,16.17,1096601.0,1345448368.0,20.5,https://api.nasdaq.com/api/quote/WWW/summary?assetclass=stocks,/home/hermes/market-funnel/nasdaq_summary_archive/20260523T034226Z/symbols/WWW/nasdaq_summary.json
WY,WEYERHAEUSER CO,NYSE,Real Estate,Real Estate Investment Trusts,23.52,23.52,4040084.0,17059877380.0,30.0,https://api.nasdaq.com/api/quote/WY/summary?assetclass=stocks,/home/hermes/market-funnel/nasdaq_summary_archive/20260523T034226Z/symbols/WY/nasdaq_summary.json
WYFI,"WhiteFiber, Inc.",NASDAQ,Finance,Finance: Consumer Services,29.55,29.55,1805681.0,1165763181.0,33.5,https://api.nasdaq.com/api/quote/WYFI/summary?assetclass=stocks,/home/hermes/market-funnel/nasdaq_summary_archive/20260523T034226Z/symbols/WYFI/nasdaq_summary.json
XE,"X-Energy, Inc.",NASDAQ,Industrials,Metal Fabrications,29.0,29.0,2874397.0,11193441711.0,38.0,https://api.nasdaq.com/api/quote/XE/summary?assetclass=stocks,/home/hermes/market-funnel/nasdaq_summary_archive/20260523T034226Z/symbols/XE/nasdaq_summary.json
XNDU,Xanadu Quantum Technologies Ltd,NASDAQ,Technology,Computer Manufacturing,14.45,14.45,8401995.0,4531402506.0,44.0,https://api.nasdaq.com/api/quote/XNDU/summary?assetclass=stocks,/home/hermes/market-funnel/nasdaq_summary_archive/20260523T034226Z/symbols/XNDU/nasdaq_summary.json
XP,XP Inc.,NASDAQ,Finance,Investment Bankers/Brokers/Service,17.92,17.92,7863544.0,8718006814.0,26.0,https://api.nasdaq.com/api/quote/XP/summary?assetclass=stocks,/home/hermes/market-funnel/nasdaq_summary_archive/20260523T034226Z/symbols/XP/nasdaq_summary.json
XPEV,XPENG INC.,NYSE,Industrials,Auto Manufacturing,15.63,15.63,8785917.0,14901378787.0,24.0,https://api.nasdaq.com/api/quote/XPEV/summary?assetclass=stocks,/home/hermes/market-funnel/nasdaq_summary_archive/20260523T034226Z/symbols/XPEV/nasdaq_summary.json
XPRO,EXPRO GROUP HOLDINGS N.V.,NYSE,Energy,Oilfield Services/Equipment,16.44,16.44,1190368.0,1806386858.0,17.5,https://api.nasdaq.com/api/quote/XPRO/summary?assetclass=stocks,/home/hermes/market-funnel/nasdaq_summary_archive/20260523T034226Z/symbols/XPRO/nasdaq_summary.json
XYZ,"Block, Inc.",NYSE,Technology,Computer Software: Prepackaged Software,68.65,68.65,5632614.0,40519922480.0,90.0,https://api.nasdaq.com/api/quote/XYZ/summary?assetclass=stocks,/home/hermes/market-funnel/nasdaq_summary_archive/20260523T034226Z/symbols/XYZ/nasdaq_summary.json
YELP,YELP INC,NYSE,Consumer Discretionary,Other Consumer Services,21.84,21.84,1094507.0,1231241863.0,25.0,https://api.nasdaq.com/api/quote/YELP/summary?assetclass=stocks,/home/hermes/market-funnel/nasdaq_summary_archive/20260523T034226Z/symbols/YELP/nasdaq_summary.json
YETI,"YETI Holdings, Inc.",NYSE,Consumer Discretionary,Recreational Games/Products/Toys,43.99,43.99,1230824.0,3425791366.0,53.5,https://api.nasdaq.com/api/quote/YETI/summary?assetclass=stocks,/home/hermes/market-funnel/nasdaq_summary_archive/20260523T034226Z/symbols/YETI/nasdaq_summary.json
YOU,"Clear Secure, Inc.",NYSE,Technology,Computer Software: Prepackaged Software,61.1,61.1,1265666.0,8026495757.0,68.0,https://api.nasdaq.com/api/quote/YOU/summary?assetclass=stocks,/home/hermes/market-funnel/nasdaq_summary_archive/20260523T034226Z/symbols/YOU/nasdaq_summary.json
YPF,YPF SOCIEDAD ANONIMA,NYSE,Energy,Integrated oil Companies,47.94,47.94,1188098.0,18875080936.0,57.5,https://api.nasdaq.com/api/quote/YPF/summary?assetclass=stocks,/home/hermes/market-funnel/nasdaq_summary_archive/20260523T034226Z/symbols/YPF/nasdaq_summary.json
YSS,York Space Systems Inc.,NYSE,Industrials,Military/Government/Technical,28.45,28.45,1380196.0,3765030116.0,35.5,https://api.nasdaq.com/api/quote/YSS/summary?assetclass=stocks,/home/hermes/market-funnel/nasdaq_summary_archive/20260523T034226Z/symbols/YSS/nasdaq_summary.json
YUMC,"Yum China Holdings, Inc.",NYSE,Consumer Discretionary,Restaurants,44.94,44.94,1352518.0,15558006852.0,58.56,https://api.nasdaq.com/api/quote/YUMC/summary?assetclass=stocks,/home/hermes/market-funnel/nasdaq_summary_archive/20260523T034226Z/symbols/YUMC/nasdaq_summary.json
Z,"ZILLOW GROUP, INC.",NASDAQ,Consumer Discretionary,Business Services,36.75,36.75,2902233.0,8314657775.0,66.5,https://api.nasdaq.com/api/quote/Z/summary?assetclass=stocks,/home/hermes/market-funnel/nasdaq_summary_archive/20260523T034226Z/symbols/Z/nasdaq_summary.json
ZETA,Zeta Global Holdings Corp.,NYSE,Technology,Computer Software: Prepackaged Software,18.05,18.05,5616714.0,4683550699.0,29.0,https://api.nasdaq.com/api/quote/ZETA/summary?assetclass=stocks,/home/hermes/market-funnel/nasdaq_summary_archive/20260523T034226Z/symbols/ZETA/nasdaq_summary.json
ZTO,ZTO Express (Cayman) Inc.,NYSE,Industrials,Trucking Freight/Courier Services,22.83,22.83,1521891.0,17700016932.0,29.0,https://api.nasdaq.com/api/quote/ZTO/summary?assetclass=stocks,/home/hermes/market-funnel/nasdaq_summary_archive/20260523T034226Z/symbols/ZTO/nasdaq_summary.json
