symbol,name,master_exchange,sector,industry,price_proxy,previous_close,share_volume,market_cap,one_yr_target,url,json_path,barchart_url,barchart_fetch_ok,barchart_fetch_round,barchart_fetch_error,barchart_implied_volatility,barchart_historical_volatility,barchart_iv_percentile,barchart_iv_rank,barchart_iv_high,barchart_iv_low,barchart_expected_move,barchart_missing_fields
AAL,American Airlines Group Inc.,NASDAQ,Consumer Discretionary,Air Freight/Delivery Services,13.59,13.59,99284855.0,9160184147.0,15.0,https://api.nasdaq.com/api/quote/AAL/summary?assetclass=stocks,/home/hermes/market-funnel/nasdaq_summary_archive/20260523T034226Z/symbols/AAL/nasdaq_summary.json,https://www.barchart.com/stocks/quotes/AAL/overview,TRUE,0,,55.19,50.93,77.0,56.66,69.07,37.05,,
ACAD,ACADIA PHARMACEUTICALS INC,NASDAQ,Health Care,Biotechnology: Pharmaceutical Preparations,21.32,21.32,1377022.0,3613076857.0,32.0,https://api.nasdaq.com/api/quote/ACAD/summary?assetclass=stocks,/home/hermes/market-funnel/nasdaq_summary_archive/20260523T034226Z/symbols/ACAD/nasdaq_summary.json,https://www.barchart.com/stocks/quotes/ACAD/overview,TRUE,0,,37.79,34.46,5.0,5.41,98.54,34.32,,
ACHC,"Acadia Healthcare Company, Inc.",NASDAQ,Health Care,Medical Specialities,23.02,23.02,2551889.0,2131795686.0,30.0,https://api.nasdaq.com/api/quote/ACHC/summary?assetclass=stocks,/home/hermes/market-funnel/nasdaq_summary_archive/20260523T034226Z/symbols/ACHC/nasdaq_summary.json,https://www.barchart.com/stocks/quotes/ACHC/overview,TRUE,0,,58.86,55.23,11.0,14.85,99.24,51.81,,
ACMR,"ACM Research, Inc.",NASDAQ,Technology,Industrial Machinery/Components,71.59,71.59,1832728.0,4857594361.0,70.0,https://api.nasdaq.com/api/quote/ACMR/summary?assetclass=stocks,/home/hermes/market-funnel/nasdaq_summary_archive/20260523T034226Z/symbols/ACMR/nasdaq_summary.json,https://www.barchart.com/stocks/quotes/ACMR/overview,TRUE,0,,88.41,60.57,89.0,71.68,103.82,49.39,,
ADEA,Adeia Inc.,NASDAQ,Technology,Computer Software: Prepackaged Software,26.36,26.36,1179220.0,2962490098.0,37.5,https://api.nasdaq.com/api/quote/ADEA/summary?assetclass=stocks,/home/hermes/market-funnel/nasdaq_summary_archive/20260523T034226Z/symbols/ADEA/nasdaq_summary.json,https://www.barchart.com/stocks/quotes/ADEA/overview,TRUE,0,,61.16,78.6,34.0,20.05,170.69,33.7,,
ADPT,Adaptive Biotechnologies Corp,NASDAQ,Health Care,Biotechnology: Biological Products (No Diagnostic Substances),13.87,13.87,1235047.0,2221416161.0,20.0,https://api.nasdaq.com/api/quote/ADPT/summary?assetclass=stocks,/home/hermes/market-funnel/nasdaq_summary_archive/20260523T034226Z/symbols/ADPT/nasdaq_summary.json,https://www.barchart.com/stocks/quotes/ADPT/overview,TRUE,0,,110.99,54.44,58.0,26.1,260.99,58.02,,
ADTN,"ADTRAN Holdings, Inc.",NASDAQ,Utilities,Telecommunications Equipment,14.83,14.83,2910537.0,1269240227.0,19.0,https://api.nasdaq.com/api/quote/ADTN/summary?assetclass=stocks,/home/hermes/market-funnel/nasdaq_summary_archive/20260523T034226Z/symbols/ADTN/nasdaq_summary.json,https://www.barchart.com/stocks/quotes/ADTN/overview,TRUE,0,,63.1,75.35,60.0,42.25,94.7,39.98,,
AEVA,"Aeva Technologies, Inc.",NASDAQ,Consumer Discretionary,Auto Parts:O.E.M.,21.49,21.49,3887434.0,1596193588.0,24.0,https://api.nasdaq.com/api/quote/AEVA/summary?assetclass=stocks,/home/hermes/market-funnel/nasdaq_summary_archive/20260523T034226Z/symbols/AEVA/nasdaq_summary.json,https://www.barchart.com/stocks/quotes/AEVA/overview,TRUE,0,,113.92,119.45,44.0,39.58,143.51,94.54,,
AFRM,"Affirm Holdings, Inc.",NASDAQ,Finance,Finance: Consumer Services,67.18,67.18,5549360.0,21842084409.0,85.0,https://api.nasdaq.com/api/quote/AFRM/summary?assetclass=stocks,/home/hermes/market-funnel/nasdaq_summary_archive/20260523T034226Z/symbols/AFRM/nasdaq_summary.json,https://www.barchart.com/stocks/quotes/AFRM/overview,TRUE,0,,62.4,57.85,33.0,31.77,90.23,49.44,,
AGNC,AGNC Investment Corp.,NASDAQ,Real Estate,Real Estate Investment Trusts,10.26,10.26,11691266.0,11720357867.0,11.0,https://api.nasdaq.com/api/quote/AGNC/summary?assetclass=stocks,/home/hermes/market-funnel/nasdaq_summary_archive/20260523T034226Z/symbols/AGNC/nasdaq_summary.json,https://www.barchart.com/stocks/quotes/AGNC/overview,TRUE,0,,21.91,19.19,42.0,18.61,46.32,16.33,,
AIP,"Arteris, Inc.",NASDAQ,Technology,Semiconductors,35.9,35.9,1173775.0,1675119507.0,38.0,https://api.nasdaq.com/api/quote/AIP/summary?assetclass=stocks,/home/hermes/market-funnel/nasdaq_summary_archive/20260523T034226Z/symbols/AIP/nasdaq_summary.json,https://www.barchart.com/stocks/quotes/AIP/overview,TRUE,0,,90.19,63.96,70.0,27.23,167.06,61.43,,
ALGM,"ALLEGRO MICROSYSTEMS, INC.",NASDAQ,Technology,Semiconductors,44.7,44.7,1944065.0,8514115477.0,54.5,https://api.nasdaq.com/api/quote/ALGM/summary?assetclass=stocks,/home/hermes/market-funnel/nasdaq_summary_archive/20260523T034226Z/symbols/ALGM/nasdaq_summary.json,https://www.barchart.com/stocks/quotes/ALGM/overview,TRUE,0,,71.15,58.0,96.0,89.87,74.51,41.33,,
ALHC,"Alignment Healthcare, Inc.",NASDAQ,Health Care,Medical Specialities,16.37,16.37,2803657.0,3380098006.0,25.0,https://api.nasdaq.com/api/quote/ALHC/summary?assetclass=stocks,/home/hermes/market-funnel/nasdaq_summary_archive/20260523T034226Z/symbols/ALHC/nasdaq_summary.json,https://www.barchart.com/stocks/quotes/ALHC/overview,TRUE,0,,51.03,59.45,32.0,25.35,86.98,38.82,,
ALM,Almonty Industries Inc.,NASDAQ,Basic Materials,Other Metals and Minerals,18.79,18.79,2871988.0,5294622902.0,23.0,https://api.nasdaq.com/api/quote/ALM/summary?assetclass=stocks,/home/hermes/market-funnel/nasdaq_summary_archive/20260523T034226Z/symbols/ALM/nasdaq_summary.json,https://www.barchart.com/stocks/quotes/ALM/overview,TRUE,0,,90.53,93.79,1.0,2.92,147.32,88.82,,
AMKR,"AMKOR TECHNOLOGY, INC.",NASDAQ,Technology,Semiconductors,65.9,65.9,5895258.0,16297618059.0,70.0,https://api.nasdaq.com/api/quote/AMKR/summary?assetclass=stocks,/home/hermes/market-funnel/nasdaq_summary_archive/20260523T034226Z/symbols/AMKR/nasdaq_summary.json,https://www.barchart.com/stocks/quotes/AMKR/overview,TRUE,0,,78.32,62.48,79.0,58.2,108.35,36.51,,
APA,APA Corp,NASDAQ,Energy,Oil & Gas Production,38.34,38.34,3883331.0,13714644808.0,41.0,https://api.nasdaq.com/api/quote/APA/summary?assetclass=stocks,/home/hermes/market-funnel/nasdaq_summary_archive/20260523T034226Z/symbols/APA/nasdaq_summary.json,https://www.barchart.com/stocks/quotes/APA/overview,TRUE,0,,50.5,53.51,71.0,55.02,63.01,35.2,,
APLD,Applied Digital Corp.,NASDAQ,Finance,Finance: Consumer Services,48.02,48.02,22215241.0,13108248754.0,46.0,https://api.nasdaq.com/api/quote/APLD/summary?assetclass=stocks,/home/hermes/market-funnel/nasdaq_summary_archive/20260523T034226Z/symbols/APLD/nasdaq_summary.json,https://www.barchart.com/stocks/quotes/APLD/overview,TRUE,0,,99.47,108.68,20.0,31.87,142.73,79.23,,
ARCC,ARES CAPITAL CORP,NASDAQ,Finance,Finance: Consumer Services,18.74,18.74,4525064.0,13348044689.0,21.0,https://api.nasdaq.com/api/quote/ARCC/summary?assetclass=stocks,/home/hermes/market-funnel/nasdaq_summary_archive/20260523T034226Z/symbols/ARCC/nasdaq_summary.json,https://www.barchart.com/stocks/quotes/ARCC/overview,TRUE,0,,25.36,18.77,68.0,48.22,37.13,14.39,,
ARQT,"Arcutis Biotherapeutics, Inc.",NASDAQ,Health Care,Biotechnology: Pharmaceutical Preparations,21.01,21.01,1163067.0,2609239182.0,35.0,https://api.nasdaq.com/api/quote/ARQT/summary?assetclass=stocks,/home/hermes/market-funnel/nasdaq_summary_archive/20260523T034226Z/symbols/ARQT/nasdaq_summary.json,https://www.barchart.com/stocks/quotes/ARQT/overview,TRUE,0,,53.39,62.03,2.0,2.86,139.0,50.87,,
ASO,"Academy Sports & Outdoors, Inc.",NASDAQ,Consumer Discretionary,Other Specialty Stores,51.03,51.03,1069993.0,3387967198.0,62.5,https://api.nasdaq.com/api/quote/ASO/summary?assetclass=stocks,/home/hermes/market-funnel/nasdaq_summary_archive/20260523T034226Z/symbols/ASO/nasdaq_summary.json,https://www.barchart.com/stocks/quotes/ASO/overview,TRUE,0,,53.94,34.99,80.0,58.5,67.95,34.19,,
ASST,"Strive, Inc.",NASDAQ,Technology,Computer Software: Prepackaged Software,18.53,18.53,7804389.0,1330834711.0,26.0,https://api.nasdaq.com/api/quote/ASST/summary?assetclass=stocks,/home/hermes/market-funnel/nasdaq_summary_archive/20260523T034226Z/symbols/ASST/nasdaq_summary.json,https://www.barchart.com/stocks/quotes/ASST/overview,TRUE,0,,101.64,84.55,3.0,2.1,405.79,95.12,,
ATAT,Atour Lifestyle Holdings Ltd,NASDAQ,Consumer Discretionary,Hotels/Resorts,35.79,35.79,2317668.0,4603701753.0,50.0,https://api.nasdaq.com/api/quote/ATAT/summary?assetclass=stocks,/home/hermes/market-funnel/nasdaq_summary_archive/20260523T034226Z/symbols/ATAT/nasdaq_summary.json,https://www.barchart.com/stocks/quotes/ATAT/overview,TRUE,0,,41.72,41.2,14.0,31.64,66.36,30.32,,
BBIO,"BridgeBio Pharma, Inc.",NASDAQ,Health Care,Biotechnology: Pharmaceutical Preparations,70.28,70.28,1826522.0,13527316362.0,100.5,https://api.nasdaq.com/api/quote/BBIO/summary?assetclass=stocks,/home/hermes/market-funnel/nasdaq_summary_archive/20260523T034226Z/symbols/BBIO/nasdaq_summary.json,https://www.barchart.com/stocks/quotes/BBIO/overview,TRUE,0,,48.79,40.95,21.0,25.08,80.3,38.24,,
BEAM,Beam Therapeutics Inc.,NASDAQ,Health Care,Biotechnology: Biological Products (No Diagnostic Substances),27.67,27.67,1327563.0,2946460689.0,46.0,https://api.nasdaq.com/api/quote/BEAM/summary?assetclass=stocks,/home/hermes/market-funnel/nasdaq_summary_archive/20260523T034226Z/symbols/BEAM/nasdaq_summary.json,https://www.barchart.com/stocks/quotes/BEAM/overview,TRUE,0,,77.8,74.31,39.0,36.19,122.94,52.2,,
BGC,"BGC Group, Inc.",NASDAQ,Finance,Investment Bankers/Brokers/Service,11.13,11.13,2369800.0,5360643768.0,15.5,https://api.nasdaq.com/api/quote/BGC/summary?assetclass=stocks,/home/hermes/market-funnel/nasdaq_summary_archive/20260523T034226Z/symbols/BGC/nasdaq_summary.json,https://www.barchart.com/stocks/quotes/BGC/overview,TRUE,0,,36.63,25.67,36.0,21.61,74.43,26.21,,
BILI,Bilibili Inc.,NASDAQ,Technology,EDP Services,17.58,17.58,4715177.0,7178425438.0,30.0,https://api.nasdaq.com/api/quote/BILI/summary?assetclass=stocks,/home/hermes/market-funnel/nasdaq_summary_archive/20260523T034226Z/symbols/BILI/nasdaq_summary.json,https://www.barchart.com/stocks/quotes/BILI/overview,TRUE,0,,55.69,53.27,45.0,44.11,78.69,37.54,,
BKR,Baker Hughes Co,NASDAQ,Consumer Discretionary,Oil and Gas Field Machinery,65.8,65.8,8384060.0,65536058124.0,74.0,https://api.nasdaq.com/api/quote/BKR/summary?assetclass=stocks,/home/hermes/market-funnel/nasdaq_summary_archive/20260523T034226Z/symbols/BKR/nasdaq_summary.json,https://www.barchart.com/stocks/quotes/BKR/overview,TRUE,0,,37.66,34.42,82.0,61.82,45.59,24.84,,
BMRN,BIOMARIN PHARMACEUTICAL INC,NASDAQ,Health Care,Biotechnology: Pharmaceutical Preparations,54.1,54.1,2438397.0,10454755251.0,85.5,https://api.nasdaq.com/api/quote/BMRN/summary?assetclass=stocks,/home/hermes/market-funnel/nasdaq_summary_archive/20260523T034226Z/symbols/BMRN/nasdaq_summary.json,https://www.barchart.com/stocks/quotes/BMRN/overview,TRUE,0,,31.4,34.1,6.0,13.95,55.46,27.5,,
BRKR,BRUKER CORP,NASDAQ,Industrials,Biotechnology: Laboratory Analytical Instruments,44.98,44.98,1506458.0,7081293161.0,50.0,https://api.nasdaq.com/api/quote/BRKR/summary?assetclass=stocks,/home/hermes/market-funnel/nasdaq_summary_archive/20260523T034226Z/symbols/BRKR/nasdaq_summary.json,https://www.barchart.com/stocks/quotes/BRKR/overview,TRUE,0,,46.19,57.47,4.0,16.16,82.44,39.21,,
BRUN,Boost Run Inc.,NASDAQ,Technology,EDP Services,25.52,25.52,1090788.0,1940200992.0,,https://api.nasdaq.com/api/quote/BRUN/summary?assetclass=stocks,/home/hermes/market-funnel/nasdaq_summary_archive/20260523T034226Z/symbols/BRUN/nasdaq_summary.json,https://www.barchart.com/stocks/quotes/BRUN/overview,TRUE,2,,178.69,,60.0,63.4,192.05,155.53,,barchart_historical_volatility
BRZE,"Braze, Inc.",NASDAQ,Technology,Computer Software: Prepackaged Software,23.41,23.41,3074675.0,2964170596.0,32.0,https://api.nasdaq.com/api/quote/BRZE/summary?assetclass=stocks,/home/hermes/market-funnel/nasdaq_summary_archive/20260523T034226Z/symbols/BRZE/nasdaq_summary.json,https://www.barchart.com/stocks/quotes/BRZE/overview,TRUE,0,,93.58,71.4,94.0,87.62,101.18,39.8,,
BSY,BENTLEY SYSTEMS INC,NASDAQ,Technology,Computer Software: Prepackaged Software,33.34,33.34,1898342.0,10073897710.0,45.0,https://api.nasdaq.com/api/quote/BSY/summary?assetclass=stocks,/home/hermes/market-funnel/nasdaq_summary_archive/20260523T034226Z/symbols/BSY/nasdaq_summary.json,https://www.barchart.com/stocks/quotes/BSY/overview,TRUE,0,,46.26,40.57,84.0,64.92,57.89,24.74,,
BTDR,Bitdeer Technologies Group,NASDAQ,Finance,Finance: Consumer Services,14.92,14.92,7944834.0,3564545016.0,20.0,https://api.nasdaq.com/api/quote/BTDR/summary?assetclass=stocks,/home/hermes/market-funnel/nasdaq_summary_archive/20260523T034226Z/symbols/BTDR/nasdaq_summary.json,https://www.barchart.com/stocks/quotes/BTDR/overview,TRUE,0,,104.8,96.04,45.0,31.85,177.29,70.91,,
BTSG,"BrightSpring Health Services, Inc.",NASDAQ,Health Care,Medical/Nursing Services,57.99,57.99,1447542.0,11344226283.0,61.5,https://api.nasdaq.com/api/quote/BTSG/summary?assetclass=stocks,/home/hermes/market-funnel/nasdaq_summary_archive/20260523T034226Z/symbols/BTSG/nasdaq_summary.json,https://www.barchart.com/stocks/quotes/BTSG/overview,TRUE,0,,46.06,39.02,22.0,15.96,75.03,40.56,,
BWIN,"Baldwin Insurance Group, Inc.",NASDAQ,Finance,Specialty Insurers,20.37,20.37,1357332.0,2802879508.0,26.0,https://api.nasdaq.com/api/quote/BWIN/summary?assetclass=stocks,/home/hermes/market-funnel/nasdaq_summary_archive/20260523T034226Z/symbols/BWIN/nasdaq_summary.json,https://www.barchart.com/stocks/quotes/BWIN/overview,TRUE,0,,69.24,43.81,58.0,28.71,137.44,41.77,,
BZ,Kanzhun Ltd,NASDAQ,Technology,"Computer Software: Programming, Data Processing",13.8,13.8,6404352.0,6363578416.0,21.0,https://api.nasdaq.com/api/quote/BZ/summary?assetclass=stocks,/home/hermes/market-funnel/nasdaq_summary_archive/20260523T034226Z/symbols/BZ/nasdaq_summary.json,https://www.barchart.com/stocks/quotes/BZ/overview,TRUE,0,,45.95,30.0,43.0,20.98,86.38,35.22,,
CAI,"Caris Life Sciences, Inc.",NASDAQ,Health Care,Medical Specialities,15.94,15.94,1809011.0,4395684807.0,28.0,https://api.nasdaq.com/api/quote/CAI/summary?assetclass=stocks,/home/hermes/market-funnel/nasdaq_summary_archive/20260523T034226Z/symbols/CAI/nasdaq_summary.json,https://www.barchart.com/stocks/quotes/CAI/overview,TRUE,0,,76.82,90.01,29.0,29.34,132.24,53.81,,
CARG,"CarGurus, Inc.",NASDAQ,Technology,EDP Services,27.6,27.6,1397214.0,2546883648.0,38.0,https://api.nasdaq.com/api/quote/CARG/summary?assetclass=stocks,/home/hermes/market-funnel/nasdaq_summary_archive/20260523T034226Z/symbols/CARG/nasdaq_summary.json,https://www.barchart.com/stocks/quotes/CARG/overview,TRUE,0,,40.38,42.87,43.0,33.85,66.77,26.88,,
CART,Maplebear Inc.,NASDAQ,Consumer Discretionary,Business Services,40.09,40.09,3212778.0,9687928933.0,50.0,https://api.nasdaq.com/api/quote/CART/summary?assetclass=stocks,/home/hermes/market-funnel/nasdaq_summary_archive/20260523T034226Z/symbols/CART/nasdaq_summary.json,https://www.barchart.com/stocks/quotes/CART/overview,TRUE,0,,43.55,50.4,41.0,35.22,72.12,28.01,,
CELH,"Celsius Holdings, Inc.",NASDAQ,Consumer Staples,Beverages (Production/Distribution),29.7,29.7,7638723.0,7699887643.0,66.0,https://api.nasdaq.com/api/quote/CELH/summary?assetclass=stocks,/home/hermes/market-funnel/nasdaq_summary_archive/20260523T034226Z/symbols/CELH/nasdaq_summary.json,https://www.barchart.com/stocks/quotes/CELH/overview,TRUE,0,,56.91,48.52,51.0,40.67,83.36,38.78,,
CENX,CENTURY ALUMINUM CO,NASDAQ,Industrials,Aluminum,60.46,60.46,2037892.0,6438261757.0,77.0,https://api.nasdaq.com/api/quote/CENX/summary?assetclass=stocks,/home/hermes/market-funnel/nasdaq_summary_archive/20260523T034226Z/symbols/CENX/nasdaq_summary.json,https://www.barchart.com/stocks/quotes/CENX/overview,TRUE,0,,74.41,57.77,57.0,60.68,90.45,49.66,,
CG,Carlyle Group Inc.,NASDAQ,Finance,Investment Managers,45.13,45.13,2306935.0,16353638219.0,63.0,https://api.nasdaq.com/api/quote/CG/summary?assetclass=stocks,/home/hermes/market-funnel/nasdaq_summary_archive/20260523T034226Z/symbols/CG/nasdaq_summary.json,https://www.barchart.com/stocks/quotes/CG/overview,TRUE,0,,43.34,37.9,65.0,42.0,58.18,32.6,,
CGNX,COGNEX CORP,NASDAQ,Industrials,Industrial Machinery/Components,64.27,64.27,2040456.0,10998661517.0,75.0,https://api.nasdaq.com/api/quote/CGNX/summary?assetclass=stocks,/home/hermes/market-funnel/nasdaq_summary_archive/20260523T034226Z/symbols/CGNX/nasdaq_summary.json,https://www.barchart.com/stocks/quotes/CGNX/overview,TRUE,0,,44.37,41.47,44.0,32.19,69.99,32.21,,
CHYM,"Chime Financial, Inc.",NASDAQ,Finance,Finance: Consumer Services,18.12,18.12,2887200.0,6782140674.0,30.0,https://api.nasdaq.com/api/quote/CHYM/summary?assetclass=stocks,/home/hermes/market-funnel/nasdaq_summary_archive/20260523T034226Z/symbols/CHYM/nasdaq_summary.json,https://www.barchart.com/stocks/quotes/CHYM/overview,TRUE,0,,63.06,64.67,21.0,14.46,127.94,52.09,,
CIFR,Cipher Digital Inc.,NASDAQ,Finance,Finance: Consumer Services,21.52,21.52,19436524.0,8986810858.0,28.0,https://api.nasdaq.com/api/quote/CIFR/summary?assetclass=stocks,/home/hermes/market-funnel/nasdaq_summary_archive/20260523T034226Z/symbols/CIFR/nasdaq_summary.json,https://www.barchart.com/stocks/quotes/CIFR/overview,TRUE,0,,99.04,99.41,16.0,14.78,177.16,85.5,,
CLBT,Cellebrite DI Ltd.,NASDAQ,Technology,Computer Software: Prepackaged Software,13.17,13.17,1440754.0,3287616788.0,20.5,https://api.nasdaq.com/api/quote/CLBT/summary?assetclass=stocks,/home/hermes/market-funnel/nasdaq_summary_archive/20260523T034226Z/symbols/CLBT/nasdaq_summary.json,https://www.barchart.com/stocks/quotes/CLBT/overview,TRUE,0,,55.96,50.03,58.0,38.81,90.44,34.09,,
CLSK,"CLEANSPARK, INC.",NASDAQ,Finance,Finance: Consumer Services,15.76,15.76,21146824.0,4098039438.0,21.5,https://api.nasdaq.com/api/quote/CLSK/summary?assetclass=stocks,/home/hermes/market-funnel/nasdaq_summary_archive/20260523T034226Z/symbols/CLSK/nasdaq_summary.json,https://www.barchart.com/stocks/quotes/CLSK/overview,TRUE,0,,87.63,70.0,34.0,31.71,137.89,64.29,,
CMCSA,COMCAST CORP,NASDAQ,Telecommunications,Cable & Other Pay Television Services,25.08,25.08,26578102.0,90078170151.0,32.79,https://api.nasdaq.com/api/quote/CMCSA/summary?assetclass=stocks,/home/hermes/market-funnel/nasdaq_summary_archive/20260523T034226Z/symbols/CMCSA/nasdaq_summary.json,https://www.barchart.com/stocks/quotes/CMCSA/overview,TRUE,0,,31.02,50.21,55.0,44.1,44.79,20.17,,
CMPS,COMPASS Pathways plc,NASDAQ,Health Care,Biotechnology: Pharmaceutical Preparations,11.59,11.59,3871019.0,1593751469.0,18.0,https://api.nasdaq.com/api/quote/CMPS/summary?assetclass=stocks,/home/hermes/market-funnel/nasdaq_summary_archive/20260523T034226Z/symbols/CMPS/nasdaq_summary.json,https://www.barchart.com/stocks/quotes/CMPS/overview,TRUE,0,,80.38,126.61,9.0,4.29,287.3,71.12,,
COGT,"Cogent Biosciences, Inc.",NASDAQ,Health Care,Biotechnology: Pharmaceutical Preparations,32.58,32.58,1966942.0,5582257691.0,55.0,https://api.nasdaq.com/api/quote/COGT/summary?assetclass=stocks,/home/hermes/market-funnel/nasdaq_summary_archive/20260523T034226Z/symbols/COGT/nasdaq_summary.json,https://www.barchart.com/stocks/quotes/COGT/overview,TRUE,0,,70.42,30.28,13.0,5.61,370.26,52.58,,
COLB,"COLUMBIA BANKING SYSTEM, INC.",NASDAQ,Finance,Major Banks,29.62,29.62,1438202.0,8606548581.0,32.0,https://api.nasdaq.com/api/quote/COLB/summary?assetclass=stocks,/home/hermes/market-funnel/nasdaq_summary_archive/20260523T034226Z/symbols/COLB/nasdaq_summary.json,https://www.barchart.com/stocks/quotes/COLB/overview,TRUE,0,,37.59,23.9,49.0,38.11,61.76,22.7,,
COO,"COOPER COMPANIES, INC.",NASDAQ,Health Care,Ophthalmic Goods,62.85,62.85,1536859.0,12204405595.0,95.0,https://api.nasdaq.com/api/quote/COO/summary?assetclass=stocks,/home/hermes/market-funnel/nasdaq_summary_archive/20260523T034226Z/symbols/COO/nasdaq_summary.json,https://www.barchart.com/stocks/quotes/COO/overview,TRUE,0,,46.35,23.34,96.0,82.12,51.06,24.69,,
CORZ,"Core Scientific, Inc./tx",NASDAQ,Finance,Finance: Consumer Services,24.82,24.82,11584770.0,8029782476.0,28.5,https://api.nasdaq.com/api/quote/CORZ/summary?assetclass=stocks,/home/hermes/market-funnel/nasdaq_summary_archive/20260523T034226Z/symbols/CORZ/nasdaq_summary.json,https://www.barchart.com/stocks/quotes/CORZ/overview,TRUE,0,,72.48,58.82,18.0,15.85,123.17,62.93,,
CPB,CAMPBELL'S Co,NASDAQ,Consumer Staples,Packaged Foods,20.05,20.05,6885310.0,6135854723.0,21.0,https://api.nasdaq.com/api/quote/CPB/summary?assetclass=stocks,/home/hermes/market-funnel/nasdaq_summary_archive/20260523T034226Z/symbols/CPB/nasdaq_summary.json,https://www.barchart.com/stocks/quotes/CPB/overview,TRUE,0,,40.65,20.45,92.0,29.32,85.06,22.23,,
CPRT,COPART INC,NASDAQ,Consumer Discretionary,Retail-Auto Dealers and Gas Stations,34.4,34.4,15033354.0,32550190431.0,47.0,https://api.nasdaq.com/api/quote/CPRT/summary?assetclass=stocks,/home/hermes/market-funnel/nasdaq_summary_archive/20260523T034226Z/symbols/CPRT/nasdaq_summary.json,https://www.barchart.com/stocks/quotes/CPRT/overview,TRUE,0,,33.09,21.33,53.0,44.07,47.95,21.38,,
CPRX,"CATALYST PHARMACEUTICALS, INC.",NASDAQ,Health Care,Biotechnology: Pharmaceutical Preparations,31.28,31.28,1993318.0,3825629810.0,32.0,https://api.nasdaq.com/api/quote/CPRX/summary?assetclass=stocks,/home/hermes/market-funnel/nasdaq_summary_archive/20260523T034226Z/symbols/CPRX/nasdaq_summary.json,https://www.barchart.com/stocks/quotes/CPRX/overview,TRUE,0,,17.1,36.82,4.0,3.81,120.4,13.01,,
CRML,Critical Metals Corp.,NASDAQ,Basic Materials,Metal Mining,11.14,11.14,10149001.0,1385988853.0,20.0,https://api.nasdaq.com/api/quote/CRML/summary?assetclass=stocks,/home/hermes/market-funnel/nasdaq_summary_archive/20260523T034226Z/symbols/CRML/nasdaq_summary.json,https://www.barchart.com/stocks/quotes/CRML/overview,TRUE,0,,110.97,157.02,5.0,9.35,326.89,88.7,,
CRSP,CRISPR Therapeutics AG,NASDAQ,Health Care,Biotechnology: Biological Products (No Diagnostic Substances),49.9,49.9,1550761.0,4857161165.0,76.0,https://api.nasdaq.com/api/quote/CRSP/summary?assetclass=stocks,/home/hermes/market-funnel/nasdaq_summary_archive/20260523T034226Z/symbols/CRSP/nasdaq_summary.json,https://www.barchart.com/stocks/quotes/CRSP/overview,TRUE,0,,55.82,61.13,12.0,20.04,83.16,48.98,,
CRVS,"Corvus Pharmaceuticals, Inc.",NASDAQ,Health Care,Biotechnology: Pharmaceutical Preparations,13.08,13.08,1180605.0,1060380247.0,31.5,https://api.nasdaq.com/api/quote/CRVS/summary?assetclass=stocks,/home/hermes/market-funnel/nasdaq_summary_archive/20260523T034226Z/symbols/CRVS/nasdaq_summary.json,https://www.barchart.com/stocks/quotes/CRVS/overview,TRUE,0,,76.58,93.77,1.0,1.8,212.2,74.09,,
CSGP,"COSTAR GROUP, INC.",NASDAQ,Finance,Real Estate,33.93,33.93,4615991.0,13863676524.0,48.0,https://api.nasdaq.com/api/quote/CSGP/summary?assetclass=stocks,/home/hermes/market-funnel/nasdaq_summary_archive/20260523T034226Z/symbols/CSGP/nasdaq_summary.json,https://www.barchart.com/stocks/quotes/CSGP/overview,TRUE,0,,52.32,37.86,75.0,61.63,71.15,22.07,,
CSIQ,Canadian Solar Inc.,NASDAQ,Technology,Semiconductors,18.1,18.1,3248167.0,1280379749.0,15.15,https://api.nasdaq.com/api/quote/CSIQ/summary?assetclass=stocks,/home/hermes/market-funnel/nasdaq_summary_archive/20260523T034226Z/symbols/CSIQ/nasdaq_summary.json,https://www.barchart.com/stocks/quotes/CSIQ/overview,TRUE,0,,96.88,88.21,85.0,68.3,116.62,54.35,,
CSX,CSX CORP,NASDAQ,Industrials,Railroads,45.9,45.9,10761693.0,84582480725.0,47.0,https://api.nasdaq.com/api/quote/CSX/summary?assetclass=stocks,/home/hermes/market-funnel/nasdaq_summary_archive/20260523T034226Z/symbols/CSX/nasdaq_summary.json,https://www.barchart.com/stocks/quotes/CSX/overview,TRUE,0,,25.58,26.24,53.0,26.74,60.69,12.76,,
CTSH,COGNIZANT TECHNOLOGY SOLUTIONS CORP,NASDAQ,Technology,EDP Services,52.32,52.32,9236272.0,24996614490.0,70.0,https://api.nasdaq.com/api/quote/CTSH/summary?assetclass=stocks,/home/hermes/market-funnel/nasdaq_summary_archive/20260523T034226Z/symbols/CTSH/nasdaq_summary.json,https://www.barchart.com/stocks/quotes/CTSH/overview,TRUE,0,,42.88,43.37,90.0,77.26,49.34,20.91,,
CVBF,CVB FINANCIAL CORP,NASDAQ,Finance,Major Banks,20.32,20.32,1497754.0,3590863239.0,23.0,https://api.nasdaq.com/api/quote/CVBF/summary?assetclass=stocks,/home/hermes/market-funnel/nasdaq_summary_archive/20260523T034226Z/symbols/CVBF/nasdaq_summary.json,https://www.barchart.com/stocks/quotes/CVBF/overview,TRUE,0,,51.77,19.29,21.0,16.89,198.71,21.9,,
CZR,"Caesars Entertainment, Inc.",NASDAQ,Consumer Discretionary,Hotels/Resorts,27.9,27.9,3589468.0,5798682197.0,35.0,https://api.nasdaq.com/api/quote/CZR/summary?assetclass=stocks,/home/hermes/market-funnel/nasdaq_summary_archive/20260523T034226Z/symbols/CZR/nasdaq_summary.json,https://www.barchart.com/stocks/quotes/CZR/overview,TRUE,0,,39.43,38.13,2.0,4.13,84.27,37.5,,
DBX,"DROPBOX, INC.",NASDAQ,Technology,Computer Software: Prepackaged Software,27.25,27.25,2273883.0,6399436802.0,28.0,https://api.nasdaq.com/api/quote/DBX/summary?assetclass=stocks,/home/hermes/market-funnel/nasdaq_summary_archive/20260523T034226Z/symbols/DBX/nasdaq_summary.json,https://www.barchart.com/stocks/quotes/DBX/overview,TRUE,0,,34.53,54.64,43.0,21.7,93.44,18.2,,
DFTX,"Definium Therapeutics, Inc.",NASDAQ,Health Care,Medicinal Chemicals and Botanical Products,22.65,22.65,1277898.0,2454002618.0,38.0,https://api.nasdaq.com/api/quote/DFTX/summary?assetclass=stocks,/home/hermes/market-funnel/nasdaq_summary_archive/20260523T034226Z/symbols/DFTX/nasdaq_summary.json,https://www.barchart.com/stocks/quotes/DFTX/overview,TRUE,0,,95.63,54.06,89.0,68.32,111.14,62.19,,
DKNG,DraftKings Inc.,NASDAQ,Consumer Discretionary,Services-Misc. Amusement & Recreation,25.4,25.4,9815667.0,12462755883.0,31.5,https://api.nasdaq.com/api/quote/DKNG/summary?assetclass=stocks,/home/hermes/market-funnel/nasdaq_summary_archive/20260523T034226Z/symbols/DKNG/nasdaq_summary.json,https://www.barchart.com/stocks/quotes/DKNG/overview,TRUE,0,,49.43,34.17,39.0,34.93,78.87,33.62,,
DLO,dLocal Ltd,NASDAQ,Consumer Discretionary,Business Services,12.24,12.24,2797295.0,3556879389.0,17.0,https://api.nasdaq.com/api/quote/DLO/summary?assetclass=stocks,/home/hermes/market-funnel/nasdaq_summary_archive/20260523T034226Z/symbols/DLO/nasdaq_summary.json,https://www.barchart.com/stocks/quotes/DLO/overview,TRUE,0,,42.98,54.56,9.0,12.21,101.41,34.86,,
DNLI,Denali Therapeutics Inc.,NASDAQ,Health Care,Biotechnology: Biological Products (No Diagnostic Substances),19.3,19.3,3557346.0,2958349498.0,37.0,https://api.nasdaq.com/api/quote/DNLI/summary?assetclass=stocks,/home/hermes/market-funnel/nasdaq_summary_archive/20260523T034226Z/symbols/DNLI/nasdaq_summary.json,https://www.barchart.com/stocks/quotes/DNLI/overview,TRUE,0,,63.3,51.46,6.0,8.75,155.38,54.46,,
DOCU,"DOCUSIGN, INC.",NASDAQ,Technology,Computer Software: Prepackaged Software,48.97,48.97,2276995.0,9705197505.0,55.0,https://api.nasdaq.com/api/quote/DOCU/summary?assetclass=stocks,/home/hermes/market-funnel/nasdaq_summary_archive/20260523T034226Z/symbols/DOCU/nasdaq_summary.json,https://www.barchart.com/stocks/quotes/DOCU/overview,TRUE,0,,69.14,43.95,88.0,85.65,76.4,25.79,,
DRH,DiamondRock Hospitality Co,NASDAQ,Real Estate,Real Estate Investment Trusts,10.78,10.78,4106115.0,2190094230.0,11.0,https://api.nasdaq.com/api/quote/DRH/summary?assetclass=stocks,/home/hermes/market-funnel/nasdaq_summary_archive/20260523T034226Z/symbols/DRH/nasdaq_summary.json,https://www.barchart.com/stocks/quotes/DRH/overview,TRUE,0,,58.85,24.8,24.0,12.6,226.33,34.7,,
DRVN,Driven Brands Holdings Inc.,NASDAQ,Consumer Discretionary,Automotive Aftermarket,13.48,13.48,1231696.0,2271126598.0,17.5,https://api.nasdaq.com/api/quote/DRVN/summary?assetclass=stocks,/home/hermes/market-funnel/nasdaq_summary_archive/20260523T034226Z/symbols/DRVN/nasdaq_summary.json,https://www.barchart.com/stocks/quotes/DRVN/overview,TRUE,0,,62.55,55.56,45.0,32.37,135.65,27.57,,
DXCM,DEXCOM INC,NASDAQ,Health Care,Medical/Dental Instruments,71.9,71.9,6727492.0,27821441642.0,80.0,https://api.nasdaq.com/api/quote/DXCM/summary?assetclass=stocks,/home/hermes/market-funnel/nasdaq_summary_archive/20260523T034226Z/symbols/DXCM/nasdaq_summary.json,https://www.barchart.com/stocks/quotes/DXCM/overview,TRUE,0,,40.43,45.29,34.0,25.42,77.57,27.78,,
DYN,"Dyne Therapeutics, Inc.",NASDAQ,Health Care,Biotechnology: Pharmaceutical Preparations,17.37,17.37,1448086.0,2871500637.0,39.5,https://api.nasdaq.com/api/quote/DYN/summary?assetclass=stocks,/home/hermes/market-funnel/nasdaq_summary_archive/20260523T034226Z/symbols/DYN/nasdaq_summary.json,https://www.barchart.com/stocks/quotes/DYN/overview,TRUE,0,,115.67,57.98,39.0,23.89,253.75,72.33,,
EBC,"Eastern Bankshares, Inc.",NASDAQ,Finance,Savings Institutions,19.85,19.85,1183011.0,4588190515.0,23.0,https://api.nasdaq.com/api/quote/EBC/summary?assetclass=stocks,/home/hermes/market-funnel/nasdaq_summary_archive/20260523T034226Z/symbols/EBC/nasdaq_summary.json,https://www.barchart.com/stocks/quotes/EBC/overview,TRUE,0,,40.98,21.08,35.0,17.84,113.94,25.14,,
ENPH,"Enphase Energy, Inc.",NASDAQ,Technology,Semiconductors,62.34,62.34,10996353.0,8439040027.0,37.0,https://api.nasdaq.com/api/quote/ENPH/summary?assetclass=stocks,/home/hermes/market-funnel/nasdaq_summary_archive/20260523T034226Z/symbols/ENPH/nasdaq_summary.json,https://www.barchart.com/stocks/quotes/ENPH/overview,TRUE,0,,101.31,94.02,99.0,90.39,106.4,53.42,,
EQPT,EquipmentShare.com Inc,NASDAQ,Consumer Discretionary,Diversified Commercial Services,19.97,19.97,1854079.0,5231735761.0,40.0,https://api.nasdaq.com/api/quote/EQPT/summary?assetclass=stocks,/home/hermes/market-funnel/nasdaq_summary_archive/20260523T034226Z/symbols/EQPT/nasdaq_summary.json,https://www.barchart.com/stocks/quotes/EQPT/overview,TRUE,0,,86.95,92.22,74.0,47.5,126.18,51.46,,
ERAS,"Erasca, Inc.",NASDAQ,Health Care,Biotechnology: Pharmaceutical Preparations,11.605,11.605,2494082.0,3495466252.0,20.0,https://api.nasdaq.com/api/quote/ERAS/summary?assetclass=stocks,/home/hermes/market-funnel/nasdaq_summary_archive/20260523T034226Z/symbols/ERAS/nasdaq_summary.json,https://www.barchart.com/stocks/quotes/ERAS/overview,TRUE,0,,92.07,211.65,3.0,3.54,445.66,79.11,,
ERIC,ERICSSON LM TELEPHONE CO,NASDAQ,Technology,Radio And Television Broadcasting And Communications Equipment,13.24,13.24,10913122.0,45513248423.0,11.0,https://api.nasdaq.com/api/quote/ERIC/summary?assetclass=stocks,/home/hermes/market-funnel/nasdaq_summary_archive/20260523T034226Z/symbols/ERIC/nasdaq_summary.json,https://www.barchart.com/stocks/quotes/ERIC/overview,TRUE,0,,36.84,35.49,62.0,53.01,49.49,22.57,,
ETOR,eToro Group Ltd.,NASDAQ,Finance,Investment Bankers/Brokers/Service,39.61,39.61,1063243.0,3290317703.0,57.0,https://api.nasdaq.com/api/quote/ETOR/summary?assetclass=stocks,/home/hermes/market-funnel/nasdaq_summary_archive/20260523T034226Z/symbols/ETOR/nasdaq_summary.json,https://www.barchart.com/stocks/quotes/ETOR/overview,TRUE,0,,46.16,45.84,4.0,9.73,99.55,40.4,,
EXC,EXELON CORP,NASDAQ,Utilities,Power Generation,45.35,45.35,9230677.0,47302912405.0,49.5,https://api.nasdaq.com/api/quote/EXC/summary?assetclass=stocks,/home/hermes/market-funnel/nasdaq_summary_archive/20260523T034226Z/symbols/EXC/nasdaq_summary.json,https://www.barchart.com/stocks/quotes/EXC/overview,TRUE,0,,21.09,20.62,63.0,48.55,25.93,16.52,,
EXEL,"EXELIXIS, INC.",NASDAQ,Health Care,Biotechnology: Biological Products (No Diagnostic Substances),49.65,49.65,1544118.0,12605457412.0,50.0,https://api.nasdaq.com/api/quote/EXEL/summary?assetclass=stocks,/home/hermes/market-funnel/nasdaq_summary_archive/20260523T034226Z/symbols/EXEL/nasdaq_summary.json,https://www.barchart.com/stocks/quotes/EXEL/overview,TRUE,0,,38.57,44.72,59.0,27.74,71.05,26.11,,
EXLS,"ExlService Holdings, Inc.",NASDAQ,Consumer Discretionary,Business Services,29.23,29.23,1631413.0,4508624294.0,41.5,https://api.nasdaq.com/api/quote/EXLS/summary?assetclass=stocks,/home/hermes/market-funnel/nasdaq_summary_archive/20260523T034226Z/symbols/EXLS/nasdaq_summary.json,https://www.barchart.com/stocks/quotes/EXLS/overview,TRUE,0,,40.4,38.11,66.0,39.05,70.57,21.08,,
EXTR,EXTREME NETWORKS INC,NASDAQ,Telecommunications,Computer Communications Equipment,23.9,23.9,2699244.0,3347919053.0,25.5,https://api.nasdaq.com/api/quote/EXTR/summary?assetclass=stocks,/home/hermes/market-funnel/nasdaq_summary_archive/20260523T034226Z/symbols/EXTR/nasdaq_summary.json,https://www.barchart.com/stocks/quotes/EXTR/overview,TRUE,0,,52.65,84.65,73.0,47.89,76.21,30.99,,
EYE,"National Vision Holdings, Inc.",NASDAQ,Health Care,Ophthalmic Goods,16.97,16.97,1475310.0,1372398471.0,30.0,https://api.nasdaq.com/api/quote/EYE/summary?assetclass=stocks,/home/hermes/market-funnel/nasdaq_summary_archive/20260523T034226Z/symbols/EYE/nasdaq_summary.json,https://www.barchart.com/stocks/quotes/EYE/overview,TRUE,0,,60.5,74.92,61.0,42.77,86.37,41.18,,
FAST,FASTENAL CO,NASDAQ,Consumer Discretionary,RETAIL: Building Materials,43.53,43.53,5583717.0,50444660580.0,46.5,https://api.nasdaq.com/api/quote/FAST/summary?assetclass=stocks,/home/hermes/market-funnel/nasdaq_summary_archive/20260523T034226Z/symbols/FAST/nasdaq_summary.json,https://www.barchart.com/stocks/quotes/FAST/overview,TRUE,0,,28.2,28.96,64.0,53.64,37.58,17.34,,
FCEL,FUELCELL ENERGY INC,NASDAQ,Energy,Industrial Machinery/Components,26.38,26.38,12077530.0,1324976429.0,7.62,https://api.nasdaq.com/api/quote/FCEL/summary?assetclass=stocks,/home/hermes/market-funnel/nasdaq_summary_archive/20260523T034226Z/symbols/FCEL/nasdaq_summary.json,https://www.barchart.com/stocks/quotes/FCEL/overview,TRUE,0,,172.84,173.56,96.0,74.46,206.84,73.72,,
FER,Ferrovial N.V.,NASDAQ,Industrials,Military/Government/Technical,68.37,68.37,1262276.0,48549009105.0,72.2,https://api.nasdaq.com/api/quote/FER/summary?assetclass=stocks,/home/hermes/market-funnel/nasdaq_summary_archive/20260523T034226Z/symbols/FER/nasdaq_summary.json,https://www.barchart.com/stocks/quotes/FER/overview,TRUE,0,,31.41,27.14,33.0,52.68,47.17,13.87,,
FHB,"FIRST HAWAIIAN, INC.",NASDAQ,Finance,Major Banks,27.27,27.27,1356394.0,3327099412.0,28.0,https://api.nasdaq.com/api/quote/FHB/summary?assetclass=stocks,/home/hermes/market-funnel/nasdaq_summary_archive/20260523T034226Z/symbols/FHB/nasdaq_summary.json,https://www.barchart.com/stocks/quotes/FHB/overview,TRUE,0,,55.6,20.78,41.0,25.91,134.78,27.9,,
FIBK,FIRST INTERSTATE BANCSYSTEM INC,NASDAQ,Finance,Major Banks,35.2,35.2,1251691.0,3447600776.0,36.5,https://api.nasdaq.com/api/quote/FIBK/summary?assetclass=stocks,/home/hermes/market-funnel/nasdaq_summary_archive/20260523T034226Z/symbols/FIBK/nasdaq_summary.json,https://www.barchart.com/stocks/quotes/FIBK/overview,TRUE,0,,35.14,24.55,10.0,17.97,66.56,28.26,,
FIGR,"Figure Technology Solutions, Inc.",NASDAQ,Finance,Finance: Consumer Services,34.38,34.38,2503883.0,7486511274.0,55.0,https://api.nasdaq.com/api/quote/FIGR/summary?assetclass=stocks,/home/hermes/market-funnel/nasdaq_summary_archive/20260523T034226Z/symbols/FIGR/nasdaq_summary.json,https://www.barchart.com/stocks/quotes/FIGR/overview,TRUE,0,,82.15,66.61,15.0,14.76,133.39,73.27,,
FISV,FISERV INC,NASDAQ,Consumer Discretionary,Business Services,55.82,55.82,6466780.0,30464800220.0,64.0,https://api.nasdaq.com/api/quote/FISV/summary?assetclass=stocks,/home/hermes/market-funnel/nasdaq_summary_archive/20260523T034226Z/symbols/FISV/nasdaq_summary.json,https://www.barchart.com/stocks/quotes/FISV/overview,TRUE,0,,39.15,42.35,13.0,13.46,69.91,34.36,,
FITB,FIFTH THIRD BANCORP,NASDAQ,Finance,Major Banks,49.16,49.16,3609061.0,44844295395.0,57.5,https://api.nasdaq.com/api/quote/FITB/summary?assetclass=stocks,/home/hermes/market-funnel/nasdaq_summary_archive/20260523T034226Z/symbols/FITB/nasdaq_summary.json,https://www.barchart.com/stocks/quotes/FITB/overview,TRUE,0,,29.94,22.02,73.0,39.81,45.05,19.95,,
FIVN,"Five9, Inc.",NASDAQ,Technology,EDP Services,21.84,21.84,2377847.0,1742596367.0,25.0,https://api.nasdaq.com/api/quote/FIVN/summary?assetclass=stocks,/home/hermes/market-funnel/nasdaq_summary_archive/20260523T034226Z/symbols/FIVN/nasdaq_summary.json,https://www.barchart.com/stocks/quotes/FIVN/overview,TRUE,0,,75.67,91.99,75.0,67.23,88.74,48.88,,
FLNC,"Fluence Energy, Inc.",NASDAQ,Miscellaneous,Industrial Machinery/Components,20.19,20.19,10969377.0,3960183368.0,17.0,https://api.nasdaq.com/api/quote/FLNC/summary?assetclass=stocks,/home/hermes/market-funnel/nasdaq_summary_archive/20260523T034226Z/symbols/FLNC/nasdaq_summary.json,https://www.barchart.com/stocks/quotes/FLNC/overview,TRUE,0,,117.11,148.38,79.0,64.85,140.36,74.2,,
FLY,Firefly Aerospace Inc.,NASDAQ,Industrials,Military/Government/Technical,42.86,42.86,8823162.0,7931643242.0,36.0,https://api.nasdaq.com/api/quote/FLY/summary?assetclass=stocks,/home/hermes/market-funnel/nasdaq_summary_archive/20260523T034226Z/symbols/FLY/nasdaq_summary.json,https://www.barchart.com/stocks/quotes/FLY/overview,TRUE,0,,123.83,109.86,75.0,69.97,147.81,67.93,,
FLYW,Flywire Corp,NASDAQ,Consumer Discretionary,Business Services,16.16,16.16,1196805.0,1959298307.0,20.0,https://api.nasdaq.com/api/quote/FLYW/summary?assetclass=stocks,/home/hermes/market-funnel/nasdaq_summary_archive/20260523T034226Z/symbols/FLYW/nasdaq_summary.json,https://www.barchart.com/stocks/quotes/FLYW/overview,TRUE,0,,46.73,65.61,6.0,10.02,90.58,41.85,,
FOX,Fox Corp,NASDAQ,Industrials,Broadcasting,57.63,57.63,1212753.0,24051464671.0,71.0,https://api.nasdaq.com/api/quote/FOX/summary?assetclass=stocks,/home/hermes/market-funnel/nasdaq_summary_archive/20260523T034226Z/symbols/FOX/nasdaq_summary.json,https://www.barchart.com/stocks/quotes/FOX/overview,TRUE,0,,35.61,30.52,58.0,28.63,71.14,21.36,,
FOXA,Fox Corp,NASDAQ,Industrials,Broadcasting,64.26,64.26,1557643.0,26883520434.0,73.0,https://api.nasdaq.com/api/quote/FOXA/summary?assetclass=stocks,/home/hermes/market-funnel/nasdaq_summary_archive/20260523T034226Z/symbols/FOXA/nasdaq_summary.json,https://www.barchart.com/stocks/quotes/FOXA/overview,TRUE,0,,29.94,29.19,44.0,43.72,43.49,19.42,,
FROG,JFrog Ltd,NASDAQ,Technology,Computer Software: Prepackaged Software,71.44,71.44,2236960.0,8961648379.0,80.0,https://api.nasdaq.com/api/quote/FROG/summary?assetclass=stocks,/home/hermes/market-funnel/nasdaq_summary_archive/20260523T034226Z/symbols/FROG/nasdaq_summary.json,https://www.barchart.com/stocks/quotes/FROG/overview,TRUE,0,,60.08,75.82,55.0,38.28,103.2,33.34,,
FRPT,"Freshpet, Inc.",NASDAQ,Consumer Staples,Packaged Foods,51.3,51.3,1708692.0,2534785160.0,80.0,https://api.nasdaq.com/api/quote/FRPT/summary?assetclass=stocks,/home/hermes/market-funnel/nasdaq_summary_archive/20260523T034226Z/symbols/FRPT/nasdaq_summary.json,https://www.barchart.com/stocks/quotes/FRPT/overview,TRUE,0,,50.79,54.64,26.0,22.21,85.87,40.77,,
FRVO,Fervo Energy Co,NASDAQ,Utilities,Electric Utilities: Central,42.5,42.5,3402580.0,10874615471.0,,https://api.nasdaq.com/api/quote/FRVO/summary?assetclass=stocks,/home/hermes/market-funnel/nasdaq_summary_archive/20260523T034226Z/symbols/FRVO/nasdaq_summary.json,https://www.barchart.com/stocks/quotes/FRVO/overview,TRUE,2,,115.44,,67.0,69.03,120.02,105.23,,barchart_historical_volatility
FSLY,"Fastly, Inc.",NASDAQ,Technology,Computer Software: Prepackaged Software,16.4,16.4,5942212.0,2554080000.0,24.0,https://api.nasdaq.com/api/quote/FSLY/summary?assetclass=stocks,/home/hermes/market-funnel/nasdaq_summary_archive/20260523T034226Z/symbols/FSLY/nasdaq_summary.json,https://www.barchart.com/stocks/quotes/FSLY/overview,TRUE,0,,80.35,170.76,49.0,26.07,177.58,46.06,,
FULT,FULTON FINANCIAL CORP,NASDAQ,Finance,Major Banks,21.4,21.4,1032893.0,4097904084.0,23.0,https://api.nasdaq.com/api/quote/FULT/summary?assetclass=stocks,/home/hermes/market-funnel/nasdaq_summary_archive/20260523T034226Z/symbols/FULT/nasdaq_summary.json,https://www.barchart.com/stocks/quotes/FULT/overview,TRUE,0,,35.55,23.1,36.0,12.01,138.35,21.53,,
GBDC,"GOLUB CAPITAL BDC, Inc.",NASDAQ,Finance,Finance: Consumer Services,12.97,12.97,1015295.0,3357782883.0,14.0,https://api.nasdaq.com/api/quote/GBDC/summary?assetclass=stocks,/home/hermes/market-funnel/nasdaq_summary_archive/20260523T034226Z/symbols/GBDC/nasdaq_summary.json,https://www.barchart.com/stocks/quotes/GBDC/overview,TRUE,0,,50.33,23.09,84.0,41.73,103.07,12.55,,
GDS,GDS Holdings Ltd,NASDAQ,Technology,"Computer Software: Programming, Data Processing",35.16,35.16,3367612.0,7017224007.0,57.5,https://api.nasdaq.com/api/quote/GDS/summary?assetclass=stocks,/home/hermes/market-funnel/nasdaq_summary_archive/20260523T034226Z/symbols/GDS/nasdaq_summary.json,https://www.barchart.com/stocks/quotes/GDS/overview,TRUE,0,,56.87,55.59,14.0,27.79,94.08,42.55,,
GEHC,GE HealthCare Technologies Inc.,NASDAQ,Health Care,Medical Electronics,64.33,64.33,3182763.0,29217699415.0,80.0,https://api.nasdaq.com/api/quote/GEHC/summary?assetclass=stocks,/home/hermes/market-funnel/nasdaq_summary_archive/20260523T034226Z/symbols/GEHC/nasdaq_summary.json,https://www.barchart.com/stocks/quotes/GEHC/overview,TRUE,0,,29.79,49.31,39.0,32.73,42.42,23.65,,
GEN,Gen Digital Inc.,NASDAQ,Technology,Computer Software: Prepackaged Software,24.85,24.85,5733705.0,15032574871.0,27.5,https://api.nasdaq.com/api/quote/GEN/summary?assetclass=stocks,/home/hermes/market-funnel/nasdaq_summary_archive/20260523T034226Z/symbols/GEN/nasdaq_summary.json,https://www.barchart.com/stocks/quotes/GEN/overview,TRUE,0,,36.17,47.35,69.0,35.85,67.46,18.69,,
GLNG,GOLAR LNG LTD,NASDAQ,Consumer Discretionary,Marine Transportation,52.31,52.31,1558737.0,5319214072.0,53.5,https://api.nasdaq.com/api/quote/GLNG/summary?assetclass=stocks,/home/hermes/market-funnel/nasdaq_summary_archive/20260523T034226Z/symbols/GLNG/nasdaq_summary.json,https://www.barchart.com/stocks/quotes/GLNG/overview,TRUE,0,,36.0,28.01,36.0,42.81,50.55,25.12,,
GLPI,"Gaming & Leisure Properties, Inc.",NASDAQ,Real Estate,Real Estate Investment Trusts,47.5,47.5,1318308.0,13541847066.0,53.0,https://api.nasdaq.com/api/quote/GLPI/summary?assetclass=stocks,/home/hermes/market-funnel/nasdaq_summary_archive/20260523T034226Z/symbols/GLPI/nasdaq_summary.json,https://www.barchart.com/stocks/quotes/GLPI/overview,TRUE,0,,20.12,15.14,37.0,26.16,41.02,12.72,,
GLXY,Galaxy Digital Inc.,NASDAQ,Finance,Investment Bankers/Brokers/Service,29.57,29.57,4068355.0,11190985955.0,42.5,https://api.nasdaq.com/api/quote/GLXY/summary?assetclass=stocks,/home/hermes/market-funnel/nasdaq_summary_archive/20260523T034226Z/symbols/GLXY/nasdaq_summary.json,https://www.barchart.com/stocks/quotes/GLXY/overview,TRUE,0,,82.81,68.69,14.0,20.07,120.28,73.4,,
GMAB,GENMAB A/S,NASDAQ,Health Care,Biotechnology: Pharmaceutical Preparations,27.05,27.05,1205461.0,17260860230.0,38.0,https://api.nasdaq.com/api/quote/GMAB/summary?assetclass=stocks,/home/hermes/market-funnel/nasdaq_summary_archive/20260523T034226Z/symbols/GMAB/nasdaq_summary.json,https://www.barchart.com/stocks/quotes/GMAB/overview,TRUE,0,,47.39,34.91,41.0,28.94,86.45,31.49,,
GNTX,GENTEX CORP,NASDAQ,Consumer Discretionary,Auto Parts:O.E.M.,23.4,23.4,1318766.0,5095489274.0,28.5,https://api.nasdaq.com/api/quote/GNTX/summary?assetclass=stocks,/home/hermes/market-funnel/nasdaq_summary_archive/20260523T034226Z/symbols/GNTX/nasdaq_summary.json,https://www.barchart.com/stocks/quotes/GNTX/overview,TRUE,0,,28.51,25.51,22.0,13.83,80.19,20.21,,
GPRE,Green Plains Inc.,NASDAQ,Industrials,Major Chemicals,15.07,15.07,1382465.0,1083366792.0,15.0,https://api.nasdaq.com/api/quote/GPRE/summary?assetclass=stocks,/home/hermes/market-funnel/nasdaq_summary_archive/20260523T034226Z/symbols/GPRE/nasdaq_summary.json,https://www.barchart.com/stocks/quotes/GPRE/overview,TRUE,0,,63.36,59.57,7.0,13.02,103.31,57.38,,
GTLB,Gitlab Inc.,NASDAQ,Technology,Computer Software: Prepackaged Software,25.62,25.62,3052961.0,4540830012.0,28.0,https://api.nasdaq.com/api/quote/GTLB/summary?assetclass=stocks,/home/hermes/market-funnel/nasdaq_summary_archive/20260523T034226Z/symbols/GTLB/nasdaq_summary.json,https://www.barchart.com/stocks/quotes/GTLB/overview,TRUE,0,,89.27,66.78,98.0,88.09,95.88,40.42,,
GTX,Garrett Motion Inc.,NASDAQ,Consumer Discretionary,Auto Parts:O.E.M.,33.22,33.22,2905042.0,6231505265.0,32.0,https://api.nasdaq.com/api/quote/GTX/summary?assetclass=stocks,/home/hermes/market-funnel/nasdaq_summary_archive/20260523T034226Z/symbols/GTX/nasdaq_summary.json,https://www.barchart.com/stocks/quotes/GTX/overview,TRUE,0,,56.52,73.67,89.0,55.96,89.88,14.14,,
HALO,"HALOZYME THERAPEUTICS, INC.",NASDAQ,Health Care,Biotechnology: Biological Products (No Diagnostic Substances),68.52,68.52,1197708.0,8103640160.0,89.0,https://api.nasdaq.com/api/quote/HALO/summary?assetclass=stocks,/home/hermes/market-funnel/nasdaq_summary_archive/20260523T034226Z/symbols/HALO/nasdaq_summary.json,https://www.barchart.com/stocks/quotes/HALO/overview,TRUE,0,,34.74,32.47,24.0,22.9,52.7,29.41,,
HBAN,HUNTINGTON BANCSHARES INC /MD/,NASDAQ,Finance,Major Banks,15.85,15.85,14028041.0,32271918945.0,20.0,https://api.nasdaq.com/api/quote/HBAN/summary?assetclass=stocks,/home/hermes/market-funnel/nasdaq_summary_archive/20260523T034226Z/symbols/HBAN/nasdaq_summary.json,https://www.barchart.com/stocks/quotes/HBAN/overview,TRUE,0,,28.29,23.47,49.0,29.97,46.19,20.63,,
HIMX,"Himax Technologies, Inc.",NASDAQ,Technology,Semiconductors,19.89,19.89,4287841.0,3669921231.0,23.7,https://api.nasdaq.com/api/quote/HIMX/summary?assetclass=stocks,/home/hermes/market-funnel/nasdaq_summary_archive/20260523T034226Z/symbols/HIMX/nasdaq_summary.json,https://www.barchart.com/stocks/quotes/HIMX/overview,TRUE,0,,95.88,116.04,97.0,81.99,107.76,41.78,,
HLIT,HARMONIC INC.,NASDAQ,Technology,Radio And Television Broadcasting And Communications Equipment,12.7,12.7,12974029.0,1649145827.0,15.0,https://api.nasdaq.com/api/quote/HLIT/summary?assetclass=stocks,/home/hermes/market-funnel/nasdaq_summary_archive/20260523T034226Z/symbols/HLIT/nasdaq_summary.json,https://www.barchart.com/stocks/quotes/HLIT/overview,TRUE,0,,100.38,65.08,91.0,54.39,167.36,20.5,,
HSAI,Hesai Group,NASDAQ,Industrials,Industrial Machinery/Components,20.9,20.9,2567443.0,3227358005.0,30.0,https://api.nasdaq.com/api/quote/HSAI/summary?assetclass=stocks,/home/hermes/market-funnel/nasdaq_summary_archive/20260523T034226Z/symbols/HSAI/nasdaq_summary.json,https://www.barchart.com/stocks/quotes/HSAI/overview,TRUE,0,,67.92,65.99,19.0,20.08,121.41,54.48,,
HSIC,HENRY SCHEIN INC,NASDAQ,Health Care,Medical Specialities,73.5,73.5,1023200.0,8453762537.0,88.5,https://api.nasdaq.com/api/quote/HSIC/summary?assetclass=stocks,/home/hermes/market-funnel/nasdaq_summary_archive/20260523T034226Z/symbols/HSIC/nasdaq_summary.json,https://www.barchart.com/stocks/quotes/HSIC/overview,TRUE,0,,32.53,26.44,48.0,34.5,48.95,23.88,,
HST,"HOST HOTELS & RESORTS, INC.",NASDAQ,Real Estate,Real Estate Investment Trusts,22.41,22.41,7644036.0,15327598309.0,23.0,https://api.nasdaq.com/api/quote/HST/summary?assetclass=stocks,/home/hermes/market-funnel/nasdaq_summary_archive/20260523T034226Z/symbols/HST/nasdaq_summary.json,https://www.barchart.com/stocks/quotes/HST/overview,TRUE,0,,27.77,21.23,44.0,33.67,39.29,21.93,,
HTHT,H World Group Ltd,NASDAQ,Consumer Discretionary,Hotels/Resorts,46.35,46.35,2666260.0,13773991853.0,60.0,https://api.nasdaq.com/api/quote/HTHT/summary?assetclass=stocks,/home/hermes/market-funnel/nasdaq_summary_archive/20260523T034226Z/symbols/HTHT/nasdaq_summary.json,https://www.barchart.com/stocks/quotes/HTHT/overview,TRUE,0,,35.41,35.47,24.0,27.35,54.24,28.32,,
HYMC,HYCROFT MINING HOLDING CORP,NASDAQ,Basic Materials,Precious Metals,33.29,33.29,1362413.0,2952774624.0,,https://api.nasdaq.com/api/quote/HYMC/summary?assetclass=stocks,/home/hermes/market-funnel/nasdaq_summary_archive/20260523T034226Z/symbols/HYMC/nasdaq_summary.json,https://www.barchart.com/stocks/quotes/HYMC/overview,TRUE,0,,94.67,94.44,17.0,21.77,157.35,77.23,,
ICHR,"ICHOR HOLDINGS, LTD.",NASDAQ,Technology,Semiconductors,65.32,65.32,1111021.0,2404431975.0,77.0,https://api.nasdaq.com/api/quote/ICHR/summary?assetclass=stocks,/home/hermes/market-funnel/nasdaq_summary_archive/20260523T034226Z/symbols/ICHR/nasdaq_summary.json,https://www.barchart.com/stocks/quotes/ICHR/overview,TRUE,0,,81.92,63.53,56.0,48.68,115.17,50.4,,
IMNM,Immunome Inc.,NASDAQ,Health Care,Biotechnology: Pharmaceutical Preparations,22.96,22.96,1027371.0,2453003534.0,35.0,https://api.nasdaq.com/api/quote/IMNM/summary?assetclass=stocks,/home/hermes/market-funnel/nasdaq_summary_archive/20260523T034226Z/symbols/IMNM/nasdaq_summary.json,https://www.barchart.com/stocks/quotes/IMNM/overview,TRUE,2,,63.52,54.12,0.0,0.0,298.95,63.52,,"barchart_iv_percentile,barchart_iv_rank"
IMVT,"Immunovant, Inc.",NASDAQ,Health Care,Biotechnology: Biological Products (No Diagnostic Substances),34.13,34.13,1685458.0,7011299516.0,44.0,https://api.nasdaq.com/api/quote/IMVT/summary?assetclass=stocks,/home/hermes/market-funnel/nasdaq_summary_archive/20260523T034226Z/symbols/IMVT/nasdaq_summary.json,https://www.barchart.com/stocks/quotes/IMVT/overview,TRUE,0,,52.85,99.5,3.0,3.45,173.11,48.56,,
INDV,"Indivior Pharmaceuticals, Inc.",NASDAQ,Health Care,Biotechnology: Pharmaceutical Preparations,37.46,37.46,1061774.0,4682611345.0,50.0,https://api.nasdaq.com/api/quote/INDV/summary?assetclass=stocks,/home/hermes/market-funnel/nasdaq_summary_archive/20260523T034226Z/symbols/INDV/nasdaq_summary.json,https://www.barchart.com/stocks/quotes/INDV/overview,TRUE,0,,51.66,38.09,22.0,23.78,144.56,22.67,,
INVA,"Innoviva, Inc.",NASDAQ,Health Care,Biotechnology: Pharmaceutical Preparations,22.2,22.2,1187365.0,1657744503.0,39.0,https://api.nasdaq.com/api/quote/INVA/summary?assetclass=stocks,/home/hermes/market-funnel/nasdaq_summary_archive/20260523T034226Z/symbols/INVA/nasdaq_summary.json,https://www.barchart.com/stocks/quotes/INVA/overview,TRUE,0,,61.93,22.64,48.0,21.76,184.9,27.73,,
IRDM,Iridium Communications Inc.,NASDAQ,Telecommunications,Telecommunications Equipment,45.7,45.7,2247350.0,5163743017.0,39.0,https://api.nasdaq.com/api/quote/IRDM/summary?assetclass=stocks,/home/hermes/market-funnel/nasdaq_summary_archive/20260523T034226Z/symbols/IRDM/nasdaq_summary.json,https://www.barchart.com/stocks/quotes/IRDM/overview,TRUE,0,,80.7,64.44,99.0,99.82,80.78,35.16,,
IREN,IREN Ltd,NASDAQ,Technology,EDP Services,58.06,58.06,36374598.0,20309830043.0,80.0,https://api.nasdaq.com/api/quote/IREN/summary?assetclass=stocks,/home/hermes/market-funnel/nasdaq_summary_archive/20260523T034226Z/symbols/IREN/nasdaq_summary.json,https://www.barchart.com/stocks/quotes/IREN/overview,TRUE,0,,99.49,105.86,29.0,33.26,143.04,77.78,,
JD,"JD.com, Inc.",NASDAQ,Consumer Discretionary,Other Specialty Stores,31.47,31.47,10415422.0,41684848741.0,40.0,https://api.nasdaq.com/api/quote/JD/summary?assetclass=stocks,/home/hermes/market-funnel/nasdaq_summary_archive/20260523T034226Z/symbols/JD/nasdaq_summary.json,https://www.barchart.com/stocks/quotes/JD/overview,TRUE,0,,35.19,40.78,24.0,30.11,56.8,25.87,,
KALV,"KalVista Pharmaceuticals, Inc.",NASDAQ,Health Care,Biotechnology: Pharmaceutical Preparations,26.77,26.77,1565743.0,1426323390.0,27.0,https://api.nasdaq.com/api/quote/KALV/summary?assetclass=stocks,/home/hermes/market-funnel/nasdaq_summary_archive/20260523T034226Z/symbols/KALV/nasdaq_summary.json,https://www.barchart.com/stocks/quotes/KALV/overview,TRUE,0,,27.29,99.91,7.0,3.2,296.34,18.41,,
KC,Kingsoft Cloud Holdings Ltd,NASDAQ,Technology,Computer Software: Prepackaged Software,13.63,13.63,2017496.0,4257036622.0,19.2,https://api.nasdaq.com/api/quote/KC/summary?assetclass=stocks,/home/hermes/market-funnel/nasdaq_summary_archive/20260523T034226Z/symbols/KC/nasdaq_summary.json,https://www.barchart.com/stocks/quotes/KC/overview,TRUE,0,,95.31,80.43,98.0,96.85,96.85,48.18,,
KDP,Keurig Dr Pepper Inc.,NASDAQ,Consumer Staples,Beverages (Production/Distribution),28.78,28.78,5933210.0,39619491796.0,33.0,https://api.nasdaq.com/api/quote/KDP/summary?assetclass=stocks,/home/hermes/market-funnel/nasdaq_summary_archive/20260523T034226Z/symbols/KDP/nasdaq_summary.json,https://www.barchart.com/stocks/quotes/KDP/overview,TRUE,0,,24.44,29.2,42.0,32.54,38.27,17.77,,
KHC,Kraft Heinz Co,NASDAQ,Consumer Staples,Packaged Foods,23.54,23.54,11190489.0,28209650008.0,23.0,https://api.nasdaq.com/api/quote/KHC/summary?assetclass=stocks,/home/hermes/market-funnel/nasdaq_summary_archive/20260523T034226Z/symbols/KHC/nasdaq_summary.json,https://www.barchart.com/stocks/quotes/KHC/overview,TRUE,0,,26.2,22.38,45.0,42.38,36.96,18.29,,
KTOS,"KRATOS DEFENSE & SECURITY SOLUTIONS, INC.",NASDAQ,Industrials,Military/Government/Technical,54.67,54.67,2949061.0,10534872701.0,110.0,https://api.nasdaq.com/api/quote/KTOS/summary?assetclass=stocks,/home/hermes/market-funnel/nasdaq_summary_archive/20260523T034226Z/symbols/KTOS/nasdaq_summary.json,https://www.barchart.com/stocks/quotes/KTOS/overview,TRUE,0,,68.54,59.99,47.0,45.47,96.2,45.47,,
LBRDK,Liberty Broadband Corp,NASDAQ,Telecommunications,Cable & Other Pay Television Services,34.84,34.84,1167369.0,4871747934.0,130.0,https://api.nasdaq.com/api/quote/LBRDK/summary?assetclass=stocks,/home/hermes/market-funnel/nasdaq_summary_archive/20260523T034226Z/symbols/LBRDK/nasdaq_summary.json,https://www.barchart.com/stocks/quotes/LBRDK/overview,TRUE,0,,40.6,99.51,50.0,50.46,57.64,23.25,,
LBTYA,Liberty Global Ltd.,NASDAQ,Telecommunications,Cable & Other Pay Television Services,12.24,12.24,1005298.0,4118015358.0,13.0,https://api.nasdaq.com/api/quote/LBTYA/summary?assetclass=stocks,/home/hermes/market-funnel/nasdaq_summary_archive/20260523T034226Z/symbols/LBTYA/nasdaq_summary.json,https://www.barchart.com/stocks/quotes/LBTYA/overview,TRUE,0,,54.96,32.27,60.0,27.5,109.99,34.08,,
LEGN,Legend Biotech Corp,NASDAQ,Health Care,Biotechnology: Pharmaceutical Preparations,27.99,27.99,2049778.0,5432147382.0,60.0,https://api.nasdaq.com/api/quote/LEGN/summary?assetclass=stocks,/home/hermes/market-funnel/nasdaq_summary_archive/20260523T034226Z/symbols/LEGN/nasdaq_summary.json,https://www.barchart.com/stocks/quotes/LEGN/overview,TRUE,0,,72.3,85.69,82.0,37.79,119.66,43.54,,
LI,Li Auto Inc.,NASDAQ,Industrials,Auto Manufacturing,16.2,16.2,6422285.0,16974579943.0,18.9,https://api.nasdaq.com/api/quote/LI/summary?assetclass=stocks,/home/hermes/market-funnel/nasdaq_summary_archive/20260523T034226Z/symbols/LI/nasdaq_summary.json,https://www.barchart.com/stocks/quotes/LI/overview,TRUE,0,,53.08,45.87,58.0,45.67,70.4,38.52,,
LINE,"Lineage, Inc.",NASDAQ,Real Estate,Real Estate Investment Trusts,40.05,40.05,1491732.0,9307328041.0,40.5,https://api.nasdaq.com/api/quote/LINE/summary?assetclass=stocks,/home/hermes/market-funnel/nasdaq_summary_archive/20260523T034226Z/symbols/LINE/nasdaq_summary.json,https://www.barchart.com/stocks/quotes/LINE/overview,TRUE,0,,34.6,39.56,4.0,6.43,65.71,32.46,,
LKQ,LKQ CORP,NASDAQ,Consumer Discretionary,Motor Vehicles,26.88,26.88,2878798.0,6917571170.0,41.0,https://api.nasdaq.com/api/quote/LKQ/summary?assetclass=stocks,/home/hermes/market-funnel/nasdaq_summary_archive/20260523T034226Z/symbols/LKQ/nasdaq_summary.json,https://www.barchart.com/stocks/quotes/LKQ/overview,TRUE,0,,38.43,45.16,69.0,52.16,53.33,22.19,,
LNT,ALLIANT ENERGY CORP,NASDAQ,Utilities,Power Generation,73.28,73.28,1950735.0,19099586886.0,81.0,https://api.nasdaq.com/api/quote/LNT/summary?assetclass=stocks,/home/hermes/market-funnel/nasdaq_summary_archive/20260523T034226Z/symbols/LNT/nasdaq_summary.json,https://www.barchart.com/stocks/quotes/LNT/overview,TRUE,0,,18.82,16.13,12.0,9.84,43.64,16.11,,
LPTH,LIGHTPATH TECHNOLOGIES INC,NASDAQ,Technology,Semiconductors,14.28,14.28,7850173.0,1064280449.0,15.95,https://api.nasdaq.com/api/quote/LPTH/summary?assetclass=stocks,/home/hermes/market-funnel/nasdaq_summary_archive/20260523T034226Z/symbols/LPTH/nasdaq_summary.json,https://www.barchart.com/stocks/quotes/LPTH/overview,TRUE,0,,129.33,113.67,79.0,16.48,313.78,92.94,,
LUNR,"Intuitive Machines, Inc.",NASDAQ,Industrials,Industrial Machinery/Components,34.24,34.24,14814308.0,8303221509.0,42.0,https://api.nasdaq.com/api/quote/LUNR/summary?assetclass=stocks,/home/hermes/market-funnel/nasdaq_summary_archive/20260523T034226Z/symbols/LUNR/nasdaq_summary.json,https://www.barchart.com/stocks/quotes/LUNR/overview,TRUE,0,,128.57,103.03,96.0,74.58,153.97,54.08,,
LWLG,"Lightwave Logic, Inc.",NASDAQ,Industrials,Containers/Packaging,13.17,13.17,6633844.0,1979923271.0,,https://api.nasdaq.com/api/quote/LWLG/summary?assetclass=stocks,/home/hermes/market-funnel/nasdaq_summary_archive/20260523T034226Z/symbols/LWLG/nasdaq_summary.json,https://www.barchart.com/stocks/quotes/LWLG/overview,TRUE,0,,139.96,150.35,73.0,62.04,177.3,78.96,,
LYFT,"Lyft, Inc.",NASDAQ,Consumer Discretionary,Business Services,13.48,13.48,15630677.0,5277587195.0,18.0,https://api.nasdaq.com/api/quote/LYFT/summary?assetclass=stocks,/home/hermes/market-funnel/nasdaq_summary_archive/20260523T034226Z/symbols/LYFT/nasdaq_summary.json,https://www.barchart.com/stocks/quotes/LYFT/overview,TRUE,0,,53.02,37.75,37.0,25.75,85.77,41.67,,
MARA,"MARA Holdings, Inc.",NASDAQ,Technology,EDP Services,13.55,13.55,40169136.0,5265345646.0,15.5,https://api.nasdaq.com/api/quote/MARA/summary?assetclass=stocks,/home/hermes/market-funnel/nasdaq_summary_archive/20260523T034226Z/symbols/MARA/nasdaq_summary.json,https://www.barchart.com/stocks/quotes/MARA/overview,TRUE,0,,81.04,68.47,37.0,30.67,130.27,59.26,,
MAT,MATTEL INC /DE/,NASDAQ,Consumer Discretionary,Recreational Games/Products/Toys,14.97,14.97,3966192.0,4385154000.0,18.0,https://api.nasdaq.com/api/quote/MAT/summary?assetclass=stocks,/home/hermes/market-funnel/nasdaq_summary_archive/20260523T034226Z/symbols/MAT/nasdaq_summary.json,https://www.barchart.com/stocks/quotes/MAT/overview,TRUE,0,,34.93,22.99,43.0,28.05,54.09,27.46,,
MDLN,Medline Inc.,NASDAQ,Health Care,Medical/Dental Instruments,37.1,37.1,43070755.0,48619598950.0,53.0,https://api.nasdaq.com/api/quote/MDLN/summary?assetclass=stocks,/home/hermes/market-funnel/nasdaq_summary_archive/20260523T034226Z/symbols/MDLN/nasdaq_summary.json,https://www.barchart.com/stocks/quotes/MDLN/overview,TRUE,0,,46.12,44.55,11.0,21.54,65.67,40.75,,
MDLZ,"Mondelez International, Inc.",NASDAQ,Consumer Staples,Packaged Foods,61.5,61.5,7050139.0,79278209548.0,68.0,https://api.nasdaq.com/api/quote/MDLZ/summary?assetclass=stocks,/home/hermes/market-funnel/nasdaq_summary_archive/20260523T034226Z/symbols/MDLZ/nasdaq_summary.json,https://www.barchart.com/stocks/quotes/MDLZ/overview,TRUE,0,,22.88,21.25,42.0,30.48,38.25,16.14,,
MEOH,METHANEX CORP,NASDAQ,Industrials,Major Chemicals,59.61,59.61,1079036.0,4651139492.0,73.5,https://api.nasdaq.com/api/quote/MEOH/summary?assetclass=stocks,/home/hermes/market-funnel/nasdaq_summary_archive/20260523T034226Z/symbols/MEOH/nasdaq_summary.json,https://www.barchart.com/stocks/quotes/MEOH/overview,TRUE,0,,58.62,45.83,84.0,69.84,70.77,30.46,,
MGNI,"MAGNITE, INC.",NASDAQ,Technology,"Computer Software: Programming, Data Processing",13.19,13.19,1390314.0,1890438040.0,21.5,https://api.nasdaq.com/api/quote/MGNI/summary?assetclass=stocks,/home/hermes/market-funnel/nasdaq_summary_archive/20260523T034226Z/symbols/MGNI/nasdaq_summary.json,https://www.barchart.com/stocks/quotes/MGNI/overview,TRUE,0,,64.34,56.27,42.0,36.65,99.0,44.29,,
MRNA,"Moderna, Inc.",NASDAQ,Health Care,Biotechnology: Biological Products (No Diagnostic Substances),47.26,47.26,4223682.0,18601339822.0,45.0,https://api.nasdaq.com/api/quote/MRNA/summary?assetclass=stocks,/home/hermes/market-funnel/nasdaq_summary_archive/20260523T034226Z/symbols/MRNA/nasdaq_summary.json,https://www.barchart.com/stocks/quotes/MRNA/overview,TRUE,0,,71.93,56.85,51.0,36.31,103.33,54.03,,
MTCH,"Match Group, Inc.",NASDAQ,Technology,"Computer Software: Programming, Data Processing",35.66,35.66,2603483.0,8350941631.0,40.0,https://api.nasdaq.com/api/quote/MTCH/summary?assetclass=stocks,/home/hermes/market-funnel/nasdaq_summary_archive/20260523T034226Z/symbols/MTCH/nasdaq_summary.json,https://www.barchart.com/stocks/quotes/MTCH/overview,TRUE,0,,31.63,34.04,26.0,27.71,58.63,21.28,,
MWH,"SOLV Energy, Inc.",NASDAQ,Industrials,Military/Government/Technical,38.12,38.12,1066280.0,7780084289.0,50.0,https://api.nasdaq.com/api/quote/MWH/summary?assetclass=stocks,/home/hermes/market-funnel/nasdaq_summary_archive/20260523T034226Z/symbols/MWH/nasdaq_summary.json,https://www.barchart.com/stocks/quotes/MWH/overview,TRUE,2,,,,,,,,,"barchart_implied_volatility,barchart_historical_volatility,barchart_iv_percentile,barchart_iv_rank"
NAVN,"Navan, Inc.",NASDAQ,Technology,Computer Software: Prepackaged Software,18.55,18.55,4620013.0,5020745072.0,22.0,https://api.nasdaq.com/api/quote/NAVN/summary?assetclass=stocks,/home/hermes/market-funnel/nasdaq_summary_archive/20260523T034226Z/symbols/NAVN/nasdaq_summary.json,https://www.barchart.com/stocks/quotes/NAVN/overview,TRUE,0,,86.18,41.87,27.0,27.82,151.14,61.14,,
NCNO,"nCino, Inc.",NASDAQ,Technology,Computer Software: Prepackaged Software,15.83,15.83,2746967.0,1748329190.0,23.0,https://api.nasdaq.com/api/quote/NCNO/summary?assetclass=stocks,/home/hermes/market-funnel/nasdaq_summary_archive/20260523T034226Z/symbols/NCNO/nasdaq_summary.json,https://www.barchart.com/stocks/quotes/NCNO/overview,TRUE,0,,81.48,44.31,98.0,88.65,87.66,33.15,,
NESR,National Energy Services Reunited Corp.,NASDAQ,Energy,Oilfield Services/Equipment,26.29,26.29,1335294.0,2597825289.0,32.0,https://api.nasdaq.com/api/quote/NESR/summary?assetclass=stocks,/home/hermes/market-funnel/nasdaq_summary_archive/20260523T034226Z/symbols/NESR/nasdaq_summary.json,https://www.barchart.com/stocks/quotes/NESR/overview,TRUE,0,,52.25,46.34,8.0,5.59,143.27,46.86,,
NMRK,"NEWMARK GROUP, INC.",NASDAQ,Finance,Real Estate,14.53,14.53,1158815.0,2591904668.0,19.0,https://api.nasdaq.com/api/quote/NMRK/summary?assetclass=stocks,/home/hermes/market-funnel/nasdaq_summary_archive/20260523T034226Z/symbols/NMRK/nasdaq_summary.json,https://www.barchart.com/stocks/quotes/NMRK/overview,TRUE,0,,45.05,41.23,33.0,16.56,149.82,24.26,,
NN,NEXTNAV INC.,NASDAQ,Industrials,Industrial Machinery/Components,21.38,21.38,1524525.0,2966139054.0,27.0,https://api.nasdaq.com/api/quote/NN/summary?assetclass=stocks,/home/hermes/market-funnel/nasdaq_summary_archive/20260523T034226Z/symbols/NN/nasdaq_summary.json,https://www.barchart.com/stocks/quotes/NN/overview,TRUE,0,,85.74,114.03,22.0,21.33,148.92,68.61,,
NNE,Nano Nuclear Energy Inc.,NASDAQ,Utilities,Electric Utilities: Central,25.08,25.08,2138422.0,1392186449.0,45.5,https://api.nasdaq.com/api/quote/NNE/summary?assetclass=stocks,/home/hermes/market-funnel/nasdaq_summary_archive/20260523T034226Z/symbols/NNE/nasdaq_summary.json,https://www.barchart.com/stocks/quotes/NNE/overview,TRUE,0,,96.27,115.14,58.0,38.81,132.6,73.22,,
NRIX,"Nurix Therapeutics, Inc.",NASDAQ,Health Care,Biotechnology: Pharmaceutical Preparations,17.53,17.53,1053817.0,1809601728.0,30.0,https://api.nasdaq.com/api/quote/NRIX/summary?assetclass=stocks,/home/hermes/market-funnel/nasdaq_summary_archive/20260523T034226Z/symbols/NRIX/nasdaq_summary.json,https://www.barchart.com/stocks/quotes/NRIX/overview,TRUE,0,,129.66,43.84,62.0,22.26,325.58,73.56,,
NTLA,"Intellia Therapeutics, Inc.",NASDAQ,Health Care,Biotechnology: In Vitro & In Vivo Diagnostic Substances,12.37,12.37,3198935.0,1760500690.0,18.0,https://api.nasdaq.com/api/quote/NTLA/summary?assetclass=stocks,/home/hermes/market-funnel/nasdaq_summary_archive/20260523T034226Z/symbols/NTLA/nasdaq_summary.json,https://www.barchart.com/stocks/quotes/NTLA/overview,TRUE,0,,83.03,82.9,31.0,14.45,154.61,70.94,,
NTNX,"Nutanix, Inc.",NASDAQ,Technology,Computer Software: Prepackaged Software,44.69,44.69,5829565.0,12496794011.0,57.5,https://api.nasdaq.com/api/quote/NTNX/summary?assetclass=stocks,/home/hermes/market-funnel/nasdaq_summary_archive/20260523T034226Z/symbols/NTNX/nasdaq_summary.json,https://www.barchart.com/stocks/quotes/NTNX/overview,TRUE,0,,72.86,48.85,96.0,86.9,79.17,31.05,,
NTSK,Netskope Inc,NASDAQ,Technology,Computer Software: Prepackaged Software,11.57,11.57,3058316.0,4703693119.0,17.0,https://api.nasdaq.com/api/quote/NTSK/summary?assetclass=stocks,/home/hermes/market-funnel/nasdaq_summary_archive/20260523T034226Z/symbols/NTSK/nasdaq_summary.json,https://www.barchart.com/stocks/quotes/NTSK/overview,TRUE,0,,97.29,48.17,93.0,75.46,108.62,62.45,,
NVTS,Navitas Semiconductor Corp,NASDAQ,Technology,Semiconductors,24.38,24.38,51184372.0,6836110106.0,12.5,https://api.nasdaq.com/api/quote/NVTS/summary?assetclass=stocks,/home/hermes/market-funnel/nasdaq_summary_archive/20260523T034226Z/symbols/NVTS/nasdaq_summary.json,https://www.barchart.com/stocks/quotes/NVTS/overview,TRUE,0,,145.92,161.41,95.0,58.47,196.43,74.8,,
NWS,NEWS CORP,NASDAQ,Consumer Discretionary,Newspapers/Magazines,30.08,30.08,1022361.0,16248219837.0,37.5,https://api.nasdaq.com/api/quote/NWS/summary?assetclass=stocks,/home/hermes/market-funnel/nasdaq_summary_archive/20260523T034226Z/symbols/NWS/nasdaq_summary.json,https://www.barchart.com/stocks/quotes/NWS/overview,TRUE,0,,39.78,21.99,37.0,26.59,90.09,21.55,,
NWSA,NEWS CORP,NASDAQ,Consumer Discretionary,Newspapers/Magazines,26.26,26.26,3844101.0,14173396616.0,36.5,https://api.nasdaq.com/api/quote/NWSA/summary?assetclass=stocks,/home/hermes/market-funnel/nasdaq_summary_archive/20260523T034226Z/symbols/NWSA/nasdaq_summary.json,https://www.barchart.com/stocks/quotes/NWSA/overview,TRUE,0,,31.29,21.81,35.0,17.61,80.17,20.84,,
OLMA,"Olema Pharmaceuticals, Inc.",NASDAQ,Health Care,Biotechnology: Pharmaceutical Preparations,14.06,14.06,1067401.0,1194913403.0,40.0,https://api.nasdaq.com/api/quote/OLMA/summary?assetclass=stocks,/home/hermes/market-funnel/nasdaq_summary_archive/20260523T034226Z/symbols/OLMA/nasdaq_summary.json,https://www.barchart.com/stocks/quotes/OLMA/overview,TRUE,0,,137.94,44.18,55.0,26.9,416.48,35.47,,
ONB,OLD NATIONAL BANCORP /IN/,NASDAQ,Finance,Major Banks,23.82,23.82,2153161.0,9249769620.0,28.0,https://api.nasdaq.com/api/quote/ONB/summary?assetclass=stocks,/home/hermes/market-funnel/nasdaq_summary_archive/20260523T034226Z/symbols/ONB/nasdaq_summary.json,https://www.barchart.com/stocks/quotes/ONB/overview,TRUE,0,,33.21,23.1,13.0,12.17,95.04,24.65,,
OPCH,"Option Care Health, Inc.",NASDAQ,Health Care,Medical/Nursing Services,21.52,21.52,2480205.0,3286585659.0,30.0,https://api.nasdaq.com/api/quote/OPCH/summary?assetclass=stocks,/home/hermes/market-funnel/nasdaq_summary_archive/20260523T034226Z/symbols/OPCH/nasdaq_summary.json,https://www.barchart.com/stocks/quotes/OPCH/overview,TRUE,0,,43.7,89.09,75.0,45.19,69.43,22.47,,
ORKA,"Oruka Therapeutics, Inc.",NASDAQ,Health Care,Biotechnology: In Vitro & In Vivo Diagnostic Substances,58.69,58.69,1101906.0,3655516442.0,133.0,https://api.nasdaq.com/api/quote/ORKA/summary?assetclass=stocks,/home/hermes/market-funnel/nasdaq_summary_archive/20260523T034226Z/symbols/ORKA/nasdaq_summary.json,https://www.barchart.com/stocks/quotes/ORKA/overview,TRUE,0,,74.3,71.77,5.0,9.1,206.4,61.08,,
OTEX,OPEN TEXT CORP,NASDAQ,Technology,EDP Services,23.22,23.22,2604555.0,5881647176.0,27.0,https://api.nasdaq.com/api/quote/OTEX/summary?assetclass=stocks,/home/hermes/market-funnel/nasdaq_summary_archive/20260523T034226Z/symbols/OTEX/nasdaq_summary.json,https://www.barchart.com/stocks/quotes/OTEX/overview,TRUE,0,,48.32,39.83,80.0,62.63,63.35,23.14,,
OUST,"Ouster, Inc.",NASDAQ,Industrials,Industrial Machinery/Components,35.09,35.09,5490752.0,2349964200.0,40.0,https://api.nasdaq.com/api/quote/OUST/summary?assetclass=stocks,/home/hermes/market-funnel/nasdaq_summary_archive/20260523T034226Z/symbols/OUST/nasdaq_summary.json,https://www.barchart.com/stocks/quotes/OUST/overview,TRUE,0,,112.23,115.49,73.0,59.76,136.9,75.59,,
PAA,PLAINS ALL AMERICAN PIPELINE LP,NASDAQ,Energy,Natural Gas Distribution,23.68,23.68,2731254.0,17038590144.0,24.0,https://api.nasdaq.com/api/quote/PAA/summary?assetclass=stocks,/home/hermes/market-funnel/nasdaq_summary_archive/20260523T034226Z/symbols/PAA/nasdaq_summary.json,https://www.barchart.com/stocks/quotes/PAA/overview,TRUE,0,,21.46,21.97,52.0,38.07,34.04,13.72,,
PAGP,PLAINS GP HOLDINGS LP,NASDAQ,Energy,Natural Gas Distribution,25.51,25.51,2093995.0,5135612018.0,24.0,https://api.nasdaq.com/api/quote/PAGP/summary?assetclass=stocks,/home/hermes/market-funnel/nasdaq_summary_archive/20260523T034226Z/symbols/PAGP/nasdaq_summary.json,https://www.barchart.com/stocks/quotes/PAGP/overview,TRUE,0,,23.12,21.69,92.0,68.39,27.36,13.96,,
PCT,"PureCycle Technologies, Inc.",NASDAQ,Industrials,Major Chemicals,11.33,11.33,3915233.0,2047375386.0,14.0,https://api.nasdaq.com/api/quote/PCT/summary?assetclass=stocks,/home/hermes/market-funnel/nasdaq_summary_archive/20260523T034226Z/symbols/PCT/nasdaq_summary.json,https://www.barchart.com/stocks/quotes/PCT/overview,TRUE,0,,94.79,86.7,63.0,61.05,125.37,46.85,,
PCVX,"Vaxcyte, Inc.",NASDAQ,Health Care,Biotechnology: Pharmaceutical Preparations,47.39,47.39,1328382.0,6830010359.0,110.0,https://api.nasdaq.com/api/quote/PCVX/summary?assetclass=stocks,/home/hermes/market-funnel/nasdaq_summary_archive/20260523T034226Z/symbols/PCVX/nasdaq_summary.json,https://www.barchart.com/stocks/quotes/PCVX/overview,TRUE,0,,48.31,46.93,5.0,6.24,90.62,45.5,,
PEGA,PEGASYSTEMS INC,NASDAQ,Technology,EDP Services,34.25,34.25,1370440.0,5740436352.0,58.0,https://api.nasdaq.com/api/quote/PEGA/summary?assetclass=stocks,/home/hermes/market-funnel/nasdaq_summary_archive/20260523T034226Z/symbols/PEGA/nasdaq_summary.json,https://www.barchart.com/stocks/quotes/PEGA/overview,TRUE,0,,57.15,52.81,73.0,46.79,86.38,31.43,,
PENG,"Penguin Solutions, Inc.",NASDAQ,Technology,Semiconductors,48.81,48.81,3178030.0,2700274901.0,33.0,https://api.nasdaq.com/api/quote/PENG/summary?assetclass=stocks,/home/hermes/market-funnel/nasdaq_summary_archive/20260523T034226Z/symbols/PENG/nasdaq_summary.json,https://www.barchart.com/stocks/quotes/PENG/overview,TRUE,0,,106.78,72.84,99.0,98.41,107.86,39.8,,
PENN,"PENN Entertainment, Inc.",NASDAQ,Consumer Discretionary,Hotels/Resorts,16.7,16.7,3204166.0,2259276102.0,21.0,https://api.nasdaq.com/api/quote/PENN/summary?assetclass=stocks,/home/hermes/market-funnel/nasdaq_summary_archive/20260523T034226Z/symbols/PENN/nasdaq_summary.json,https://www.barchart.com/stocks/quotes/PENN/overview,TRUE,0,,48.5,55.48,31.0,31.66,72.68,37.31,,
PGNY,"Progyny, Inc.",NASDAQ,Health Care,Misc Health and Biotechnology Services,24.69,24.69,1464435.0,1948909366.0,30.0,https://api.nasdaq.com/api/quote/PGNY/summary?assetclass=stocks,/home/hermes/market-funnel/nasdaq_summary_archive/20260523T034226Z/symbols/PGNY/nasdaq_summary.json,https://www.barchart.com/stocks/quotes/PGNY/overview,TRUE,0,,39.03,68.95,10.0,15.7,82.24,30.99,,
PGY,Pagaya Technologies Ltd.,NASDAQ,Finance,Finance: Consumer Services,13.08,13.08,3815149.0,1083298340.0,27.0,https://api.nasdaq.com/api/quote/PGY/summary?assetclass=stocks,/home/hermes/market-funnel/nasdaq_summary_archive/20260523T034226Z/symbols/PGY/nasdaq_summary.json,https://www.barchart.com/stocks/quotes/PGY/overview,TRUE,0,,76.0,65.68,15.0,33.99,117.25,54.77,,
POET,POET TECHNOLOGIES INC.,NASDAQ,Technology,Semiconductors,14.82,14.82,33765995.0,2230717682.0,7.3,https://api.nasdaq.com/api/quote/POET/summary?assetclass=stocks,/home/hermes/market-funnel/nasdaq_summary_archive/20260523T034226Z/symbols/POET/nasdaq_summary.json,https://www.barchart.com/stocks/quotes/POET/overview,TRUE,0,,146.94,290.73,93.0,66.06,198.72,46.16,,
POWI,POWER INTEGRATIONS INC,NASDAQ,Technology,Semiconductors,70.48,70.48,1163458.0,3947760866.0,73.5,https://api.nasdaq.com/api/quote/POWI/summary?assetclass=stocks,/home/hermes/market-funnel/nasdaq_summary_archive/20260523T034226Z/symbols/POWI/nasdaq_summary.json,https://www.barchart.com/stocks/quotes/POWI/overview,TRUE,0,,71.98,63.1,86.0,35.15,145.8,31.97,,
PPTA,PERPETUA RESOURCES CORP.,NASDAQ,Basic Materials,Precious Metals,26.72,26.72,2736902.0,3167392816.0,39.8,https://api.nasdaq.com/api/quote/PPTA/summary?assetclass=stocks,/home/hermes/market-funnel/nasdaq_summary_archive/20260523T034226Z/symbols/PPTA/nasdaq_summary.json,https://www.barchart.com/stocks/quotes/PPTA/overview,TRUE,0,,76.51,80.2,39.0,28.91,114.18,61.19,,
PRCT,PROCEPT BioRobotics Corp,NASDAQ,Health Care,Medical/Dental Instruments,28.93,28.93,1120090.0,1650646476.0,31.0,https://api.nasdaq.com/api/quote/PRCT/summary?assetclass=stocks,/home/hermes/market-funnel/nasdaq_summary_archive/20260523T034226Z/symbols/PRCT/nasdaq_summary.json,https://www.barchart.com/stocks/quotes/PRCT/overview,TRUE,0,,59.12,67.98,30.0,18.78,108.86,47.62,,
PSKY,Paramount Skydance Corp,NASDAQ,Industrials,Broadcasting,10.28,10.28,5045316.0,11706550187.0,12.0,https://api.nasdaq.com/api/quote/PSKY/summary?assetclass=stocks,/home/hermes/market-funnel/nasdaq_summary_archive/20260523T034226Z/symbols/PSKY/nasdaq_summary.json,https://www.barchart.com/stocks/quotes/PSKY/overview,TRUE,0,,47.31,43.81,8.0,1.53,209.6,44.79,,
PTEN,PATTERSON UTI ENERGY INC,NASDAQ,Energy,Oil & Gas Production,12.21,12.21,5651926.0,4673093308.0,12.0,https://api.nasdaq.com/api/quote/PTEN/summary?assetclass=stocks,/home/hermes/market-funnel/nasdaq_summary_archive/20260523T034226Z/symbols/PTEN/nasdaq_summary.json,https://www.barchart.com/stocks/quotes/PTEN/overview,TRUE,0,,55.14,58.78,31.0,26.4,79.93,46.24,,
PTRN,Pattern Group Inc.,NASDAQ,Consumer Discretionary,Catalog/Specialty Distribution,17.61,17.61,1379389.0,3222500069.0,23.0,https://api.nasdaq.com/api/quote/PTRN/summary?assetclass=stocks,/home/hermes/market-funnel/nasdaq_summary_archive/20260523T034226Z/symbols/PTRN/nasdaq_summary.json,https://www.barchart.com/stocks/quotes/PTRN/overview,TRUE,0,,90.44,60.45,26.0,29.82,146.75,66.52,,
PYPL,"PayPal Holdings, Inc.",NASDAQ,Industrials,Diversified Commercial Services,44.3,44.3,10691690.0,39015525955.0,48.0,https://api.nasdaq.com/api/quote/PYPL/summary?assetclass=stocks,/home/hermes/market-funnel/nasdaq_summary_archive/20260523T034226Z/symbols/PYPL/nasdaq_summary.json,https://www.barchart.com/stocks/quotes/PYPL/overview,TRUE,0,,32.16,34.35,32.0,19.19,55.58,26.59,,
QFIN,"Qfin Holdings, Inc.",NASDAQ,Finance,Finance: Consumer Services,12.36,12.36,3144626.0,1418409449.0,25.4,https://api.nasdaq.com/api/quote/QFIN/summary?assetclass=stocks,/home/hermes/market-funnel/nasdaq_summary_archive/20260523T034226Z/symbols/QFIN/nasdaq_summary.json,https://www.barchart.com/stocks/quotes/QFIN/overview,TRUE,0,,73.68,45.49,97.0,75.95,83.67,42.14,,
QUBT,Quantum Computing Inc.,NASDAQ,Technology,Computer Software: Prepackaged Software,11.41,11.41,68053944.0,2776335690.0,18.0,https://api.nasdaq.com/api/quote/QUBT/summary?assetclass=stocks,/home/hermes/market-funnel/nasdaq_summary_archive/20260523T034226Z/symbols/QUBT/nasdaq_summary.json,https://www.barchart.com/stocks/quotes/QUBT/overview,TRUE,0,,108.51,114.89,72.0,43.31,152.99,74.54,,
RARE,Ultragenyx Pharmaceutical Inc.,NASDAQ,Health Care,Biotechnology: Pharmaceutical Preparations,23.71,23.71,1130581.0,2303662949.0,48.5,https://api.nasdaq.com/api/quote/RARE/summary?assetclass=stocks,/home/hermes/market-funnel/nasdaq_summary_archive/20260523T034226Z/symbols/RARE/nasdaq_summary.json,https://www.barchart.com/stocks/quotes/RARE/overview,TRUE,0,,49.52,39.98,19.0,7.95,187.31,37.62,,
RELY,"Remitly Global, Inc.",NASDAQ,Consumer Discretionary,Business Services,21.57,21.57,2151100.0,4543908085.0,27.5,https://api.nasdaq.com/api/quote/RELY/summary?assetclass=stocks,/home/hermes/market-funnel/nasdaq_summary_archive/20260523T034226Z/symbols/RELY/nasdaq_summary.json,https://www.barchart.com/stocks/quotes/RELY/overview,TRUE,0,,43.06,42.52,22.0,18.4,88.8,32.74,,
REYN,Reynolds Consumer Products Inc.,NASDAQ,Consumer Discretionary,Containers/Packaging,21.62,21.62,1115218.0,4592621145.0,24.0,https://api.nasdaq.com/api/quote/REYN/summary?assetclass=stocks,/home/hermes/market-funnel/nasdaq_summary_archive/20260523T034226Z/symbols/REYN/nasdaq_summary.json,https://www.barchart.com/stocks/quotes/REYN/overview,TRUE,0,,49.51,24.5,49.0,27.35,152.25,10.83,,
RGTI,"Rigetti Computing, Inc.",NASDAQ,Technology,EDP Services,22.04,22.04,204233244.0,8781976481.0,30.5,https://api.nasdaq.com/api/quote/RGTI/summary?assetclass=stocks,/home/hermes/market-funnel/nasdaq_summary_archive/20260523T034226Z/symbols/RGTI/nasdaq_summary.json,https://www.barchart.com/stocks/quotes/RGTI/overview,TRUE,0,,122.93,127.11,87.0,51.47,168.74,74.35,,
RIOT,"Riot Platforms, Inc.",NASDAQ,Finance,Finance: Consumer Services,24.47,24.47,11155160.0,9252669929.0,25.0,https://api.nasdaq.com/api/quote/RIOT/summary?assetclass=stocks,/home/hermes/market-funnel/nasdaq_summary_archive/20260523T034226Z/symbols/RIOT/nasdaq_summary.json,https://www.barchart.com/stocks/quotes/RIOT/overview,TRUE,0,,84.03,79.03,48.0,34.36,118.13,66.18,,
RIVN,"Rivian Automotive, Inc. / DE",NASDAQ,Industrials,Auto Manufacturing,14.15,14.15,27073449.0,17923141031.0,17.0,https://api.nasdaq.com/api/quote/RIVN/summary?assetclass=stocks,/home/hermes/market-funnel/nasdaq_summary_archive/20260523T034226Z/symbols/RIVN/nasdaq_summary.json,https://www.barchart.com/stocks/quotes/RIVN/overview,TRUE,0,,60.26,49.37,27.0,37.09,83.35,46.65,,
RLAY,"Relay Therapeutics, Inc.",NASDAQ,Health Care,Biotechnology: Biological Products (No Diagnostic Substances),13.66,13.66,5355400.0,2592160812.0,21.5,https://api.nasdaq.com/api/quote/RLAY/summary?assetclass=stocks,/home/hermes/market-funnel/nasdaq_summary_archive/20260523T034226Z/symbols/RLAY/nasdaq_summary.json,https://www.barchart.com/stocks/quotes/RLAY/overview,TRUE,0,,95.45,66.25,3.0,3.42,759.75,71.91,,
ROIV,Roivant Sciences Ltd.,NASDAQ,Health Care,Biotechnology: Pharmaceutical Preparations,30.88,30.88,5874507.0,21549340735.0,36.5,https://api.nasdaq.com/api/quote/ROIV/summary?assetclass=stocks,/home/hermes/market-funnel/nasdaq_summary_archive/20260523T034226Z/symbols/ROIV/nasdaq_summary.json,https://www.barchart.com/stocks/quotes/ROIV/overview,TRUE,0,,35.0,51.12,12.0,13.05,87.7,27.09,,
RPRX,Royalty Pharma plc,NASDAQ,Health Care,Biotechnology: Pharmaceutical Preparations,53.55,53.55,3054009.0,31382855118.0,59.0,https://api.nasdaq.com/api/quote/RPRX/summary?assetclass=stocks,/home/hermes/market-funnel/nasdaq_summary_archive/20260523T034226Z/symbols/RPRX/nasdaq_summary.json,https://www.barchart.com/stocks/quotes/RPRX/overview,TRUE,0,,33.28,17.78,27.0,20.55,75.8,22.28,,
RRR,"Red Rock Resorts, Inc.",NASDAQ,Consumer Discretionary,Hotels/Resorts,53.37,53.37,1230214.0,5778982636.0,67.0,https://api.nasdaq.com/api/quote/RRR/summary?assetclass=stocks,/home/hermes/market-funnel/nasdaq_summary_archive/20260523T034226Z/symbols/RRR/nasdaq_summary.json,https://www.barchart.com/stocks/quotes/RRR/overview,TRUE,0,,36.87,30.05,67.0,52.07,47.63,25.18,,
RUN,Sunrun Inc.,NASDAQ,Miscellaneous,Industrial Machinery/Components,14.445,14.445,5841028.0,3487590576.0,20.0,https://api.nasdaq.com/api/quote/RUN/summary?assetclass=stocks,/home/hermes/market-funnel/nasdaq_summary_archive/20260523T034226Z/symbols/RUN/nasdaq_summary.json,https://www.barchart.com/stocks/quotes/RUN/overview,TRUE,0,,86.92,64.01,43.0,25.4,162.47,61.2,,
RYAAY,RYANAIR HOLDINGS PLC,NASDAQ,Consumer Discretionary,Air Freight/Delivery Services,57.42,57.42,2605710.0,31374058500.0,79.0,https://api.nasdaq.com/api/quote/RYAAY/summary?assetclass=stocks,/home/hermes/market-funnel/nasdaq_summary_archive/20260523T034226Z/symbols/RYAAY/nasdaq_summary.json,https://www.barchart.com/stocks/quotes/RYAAY/overview,TRUE,0,,39.56,52.12,82.0,68.11,46.46,24.82,,
SAIL,"SailPoint, Inc.",NASDAQ,Technology,Computer Software: Prepackaged Software,15.01,15.01,2693380.0,8933755745.0,18.0,https://api.nasdaq.com/api/quote/SAIL/summary?assetclass=stocks,/home/hermes/market-funnel/nasdaq_summary_archive/20260523T034226Z/symbols/SAIL/nasdaq_summary.json,https://www.barchart.com/stocks/quotes/SAIL/overview,TRUE,0,,83.45,59.33,96.0,82.64,93.17,37.17,,
SBLK,Star Bulk Carriers Corp.,NASDAQ,Consumer Discretionary,Marine Transportation,26.92,26.92,1470594.0,2944395960.0,30.0,https://api.nasdaq.com/api/quote/SBLK/summary?assetclass=stocks,/home/hermes/market-funnel/nasdaq_summary_archive/20260523T034226Z/symbols/SBLK/nasdaq_summary.json,https://www.barchart.com/stocks/quotes/SBLK/overview,TRUE,0,,35.97,25.23,70.0,62.48,42.78,24.64,,
SBRA,"Sabra Health Care REIT, Inc.",NASDAQ,Real Estate,Real Estate Investment Trusts,20.71,20.71,2100525.0,5225378768.0,22.0,https://api.nasdaq.com/api/quote/SBRA/summary?assetclass=stocks,/home/hermes/market-funnel/nasdaq_summary_archive/20260523T034226Z/symbols/SBRA/nasdaq_summary.json,https://www.barchart.com/stocks/quotes/SBRA/overview,TRUE,0,,24.89,18.48,21.0,11.3,79.01,18.0,,
SEDG,"SOLAREDGE TECHNOLOGIES, INC.",NASDAQ,Technology,Semiconductors,63.0,63.0,4079940.0,3767687614.0,36.0,https://api.nasdaq.com/api/quote/SEDG/summary?assetclass=stocks,/home/hermes/market-funnel/nasdaq_summary_archive/20260523T034226Z/symbols/SEDG/nasdaq_summary.json,https://www.barchart.com/stocks/quotes/SEDG/overview,TRUE,0,,111.03,116.75,82.0,72.83,127.25,67.54,,
SGML,Sigma Lithium Corp,NASDAQ,Basic Materials,Metal Mining,15.55,15.55,8748127.0,1657676328.0,21.25,https://api.nasdaq.com/api/quote/SGML/summary?assetclass=stocks,/home/hermes/market-funnel/nasdaq_summary_archive/20260523T034226Z/symbols/SGML/nasdaq_summary.json,https://www.barchart.com/stocks/quotes/SGML/overview,TRUE,0,,116.04,99.14,61.0,57.06,146.75,75.22,,
SHAZ,SharonAI Holdings Inc.,NASDAQ,Technology,EDP Services,57.7,57.7,1225631.0,1139613723.0,79.5,https://api.nasdaq.com/api/quote/SHAZ/summary?assetclass=stocks,/home/hermes/market-funnel/nasdaq_summary_archive/20260523T034226Z/symbols/SHAZ/nasdaq_summary.json,https://www.barchart.com/stocks/quotes/SHAZ/overview,TRUE,2,,,,,,,,,"barchart_implied_volatility,barchart_historical_volatility,barchart_iv_percentile,barchart_iv_rank"
SHC,Sotera Health Co,NASDAQ,Health Care,Misc Health and Biotechnology Services,15.71,15.71,2312976.0,4465715126.0,19.5,https://api.nasdaq.com/api/quote/SHC/summary?assetclass=stocks,/home/hermes/market-funnel/nasdaq_summary_archive/20260523T034226Z/symbols/SHC/nasdaq_summary.json,https://www.barchart.com/stocks/quotes/SHC/overview,TRUE,0,,42.91,23.39,9.0,23.93,97.49,25.74,,
SIRI,SIRIUS XM HOLDINGS INC.,NASDAQ,Consumer Discretionary,Broadcasting,28.99,28.99,4944057.0,9724949951.0,26.0,https://api.nasdaq.com/api/quote/SIRI/summary?assetclass=stocks,/home/hermes/market-funnel/nasdaq_summary_archive/20260523T034226Z/symbols/SIRI/nasdaq_summary.json,https://www.barchart.com/stocks/quotes/SIRI/overview,TRUE,0,,35.95,43.47,45.0,20.75,76.85,25.25,,
SKYT,"SkyWater Technology, Inc",NASDAQ,Technology,Semiconductors,37.0,37.0,1391052.0,1830903240.0,35.0,https://api.nasdaq.com/api/quote/SKYT/summary?assetclass=stocks,/home/hermes/market-funnel/nasdaq_summary_archive/20260523T034226Z/symbols/SKYT/nasdaq_summary.json,https://www.barchart.com/stocks/quotes/SKYT/overview,TRUE,0,,38.92,43.41,5.0,5.04,149.24,33.06,,
SLM,SLM Corp,NASDAQ,Finance,Finance: Consumer Services,21.95,21.95,1007493.0,4177334839.0,29.0,https://api.nasdaq.com/api/quote/SLM/summary?assetclass=stocks,/home/hermes/market-funnel/nasdaq_summary_archive/20260523T034226Z/symbols/SLM/nasdaq_summary.json,https://www.barchart.com/stocks/quotes/SLM/overview,TRUE,0,,37.34,29.3,54.0,29.75,66.83,24.84,,
SMCI,"Super Micro Computer, Inc.",NASDAQ,Technology,Computer Manufacturing,33.46,33.46,39440985.0,21398469590.0,34.0,https://api.nasdaq.com/api/quote/SMCI/summary?assetclass=stocks,/home/hermes/market-funnel/nasdaq_summary_archive/20260523T034226Z/symbols/SMCI/nasdaq_summary.json,https://www.barchart.com/stocks/quotes/SMCI/overview,TRUE,0,,76.05,89.17,62.0,42.18,109.04,51.99,,
SMMT,Summit Therapeutics Inc.,NASDAQ,Health Care,Biotechnology: Pharmaceutical Preparations,17.47,17.47,6891172.0,12899823160.0,33.0,https://api.nasdaq.com/api/quote/SMMT/summary?assetclass=stocks,/home/hermes/market-funnel/nasdaq_summary_archive/20260523T034226Z/symbols/SMMT/nasdaq_summary.json,https://www.barchart.com/stocks/quotes/SMMT/overview,TRUE,0,,156.49,116.64,98.0,78.72,183.25,57.51,,
SMPL,Simply Good Foods Co,NASDAQ,Consumer Staples,Packaged Foods,11.6,11.6,1558262.0,1073199825.0,15.5,https://api.nasdaq.com/api/quote/SMPL/summary?assetclass=stocks,/home/hermes/market-funnel/nasdaq_summary_archive/20260523T034226Z/symbols/SMPL/nasdaq_summary.json,https://www.barchart.com/stocks/quotes/SMPL/overview,TRUE,0,,49.38,48.52,46.0,31.73,106.0,23.06,,
SNDX,Syndax Pharmaceuticals Inc,NASDAQ,Health Care,Biotechnology: Pharmaceutical Preparations,19.77,19.77,1146150.0,1766603203.0,37.0,https://api.nasdaq.com/api/quote/SNDX/summary?assetclass=stocks,/home/hermes/market-funnel/nasdaq_summary_archive/20260523T034226Z/symbols/SNDX/nasdaq_summary.json,https://www.barchart.com/stocks/quotes/SNDX/overview,TRUE,0,,67.16,52.75,11.0,20.46,150.01,45.85,,
SNY,Sanofi,NASDAQ,Health Care,Biotechnology: Pharmaceutical Preparations,44.92,44.92,2763388.0,108016852164.0,54.75,https://api.nasdaq.com/api/quote/SNY/summary?assetclass=stocks,/home/hermes/market-funnel/nasdaq_summary_archive/20260523T034226Z/symbols/SNY/nasdaq_summary.json,https://www.barchart.com/stocks/quotes/SNY/overview,TRUE,0,,22.92,25.27,8.0,21.72,37.73,18.81,,
SOFI,"SoFi Technologies, Inc.",NASDAQ,Finance,Finance: Consumer Services,15.65,15.65,58168301.0,20036417544.0,18.0,https://api.nasdaq.com/api/quote/SOFI/summary?assetclass=stocks,/home/hermes/market-funnel/nasdaq_summary_archive/20260523T034226Z/symbols/SOFI/nasdaq_summary.json,https://www.barchart.com/stocks/quotes/SOFI/overview,TRUE,0,,53.52,64.91,15.0,16.5,88.75,46.56,,
SONO,Sonos Inc,NASDAQ,Consumer Staples,Consumer Electronics/Appliances,14.72,14.72,1740317.0,1847685687.0,21.0,https://api.nasdaq.com/api/quote/SONO/summary?assetclass=stocks,/home/hermes/market-funnel/nasdaq_summary_archive/20260523T034226Z/symbols/SONO/nasdaq_summary.json,https://www.barchart.com/stocks/quotes/SONO/overview,TRUE,0,,46.31,35.29,22.0,19.31,75.41,39.35,,
SRAD,Sportradar Group AG,NASDAQ,Technology,"Computer Software: Programming, Data Processing",13.0,13.0,1998254.0,4062198453.0,19.0,https://api.nasdaq.com/api/quote/SRAD/summary?assetclass=stocks,/home/hermes/market-funnel/nasdaq_summary_archive/20260523T034226Z/symbols/SRAD/nasdaq_summary.json,https://www.barchart.com/stocks/quotes/SRAD/overview,TRUE,0,,57.17,91.92,62.0,36.29,96.44,34.8,,
SRPT,"Sarepta Therapeutics, Inc.",NASDAQ,Health Care,Biotechnology: Pharmaceutical Preparations,16.96,16.96,1959183.0,1773680530.0,20.0,https://api.nasdaq.com/api/quote/SRPT/summary?assetclass=stocks,/home/hermes/market-funnel/nasdaq_summary_archive/20260523T034226Z/symbols/SRPT/nasdaq_summary.json,https://www.barchart.com/stocks/quotes/SRPT/overview,TRUE,0,,60.32,48.43,4.0,3.81,193.83,55.02,,
SSNC,SS&C Technologies Holdings Inc,NASDAQ,Technology,Computer Software: Prepackaged Software,66.95,66.95,1951288.0,16145513975.0,93.0,https://api.nasdaq.com/api/quote/SSNC/summary?assetclass=stocks,/home/hermes/market-funnel/nasdaq_summary_archive/20260523T034226Z/symbols/SSNC/nasdaq_summary.json,https://www.barchart.com/stocks/quotes/SSNC/overview,TRUE,0,,32.76,25.88,78.0,64.78,41.95,15.87,,
SSRM,SSR MINING INC.,NASDAQ,Industrials,Precious Metals,30.25,30.25,1782013.0,6434746477.0,42.08,https://api.nasdaq.com/api/quote/SSRM/summary?assetclass=stocks,/home/hermes/market-funnel/nasdaq_summary_archive/20260523T034226Z/symbols/SSRM/nasdaq_summary.json,https://www.barchart.com/stocks/quotes/SSRM/overview,TRUE,0,,60.52,66.21,43.0,40.26,81.15,46.61,,
STEP,StepStone Group Inc.,NASDAQ,Finance,Investment Managers,54.74,54.74,1323694.0,6403748576.0,66.5,https://api.nasdaq.com/api/quote/STEP/summary?assetclass=stocks,/home/hermes/market-funnel/nasdaq_summary_archive/20260523T034226Z/symbols/STEP/nasdaq_summary.json,https://www.barchart.com/stocks/quotes/STEP/overview,TRUE,0,,57.76,46.88,77.0,61.1,73.12,33.63,,
STNE,StoneCo Ltd.,NASDAQ,Technology,EDP Services,11.1,11.1,5683105.0,2675510486.0,15.0,https://api.nasdaq.com/api/quote/STNE/summary?assetclass=stocks,/home/hermes/market-funnel/nasdaq_summary_archive/20260523T034226Z/symbols/STNE/nasdaq_summary.json,https://www.barchart.com/stocks/quotes/STNE/overview,TRUE,0,,49.77,70.41,45.0,23.76,104.93,32.58,,
SWKS,"SKYWORKS SOLUTIONS, INC.",NASDAQ,Technology,Semiconductors,73.54,73.54,5338630.0,12396459470.0,73.5,https://api.nasdaq.com/api/quote/SWKS/summary?assetclass=stocks,/home/hermes/market-funnel/nasdaq_summary_archive/20260523T034226Z/symbols/SWKS/nasdaq_summary.json,https://www.barchart.com/stocks/quotes/SWKS/overview,TRUE,0,,54.7,65.93,90.0,80.1,60.29,32.16,,
SYM,Symbotic Inc.,NASDAQ,Industrials,Industrial Machinery/Components,50.95,50.95,2926934.0,32564249214.0,70.0,https://api.nasdaq.com/api/quote/SYM/summary?assetclass=stocks,/home/hermes/market-funnel/nasdaq_summary_archive/20260523T034226Z/symbols/SYM/nasdaq_summary.json,https://www.barchart.com/stocks/quotes/SYM/overview,TRUE,0,,64.98,60.02,6.0,7.55,126.31,59.97,,
TCOM,Trip.com Group Ltd,NASDAQ,Consumer Discretionary,Business Services,48.06,48.06,5394275.0,29199431144.0,79.5,https://api.nasdaq.com/api/quote/TCOM/summary?assetclass=stocks,/home/hermes/market-funnel/nasdaq_summary_archive/20260523T034226Z/symbols/TCOM/nasdaq_summary.json,https://www.barchart.com/stocks/quotes/TCOM/overview,TRUE,0,,39.93,27.16,75.0,68.81,47.12,24.06,,
TECH,BIO-TECHNE Corp,NASDAQ,Health Care,Biotechnology: Biological Products (No Diagnostic Substances),47.37,47.37,2535188.0,7548179486.0,65.5,https://api.nasdaq.com/api/quote/TECH/summary?assetclass=stocks,/home/hermes/market-funnel/nasdaq_summary_archive/20260523T034226Z/symbols/TECH/nasdaq_summary.json,https://www.barchart.com/stocks/quotes/TECH/overview,TRUE,0,,48.11,77.71,39.0,42.0,63.8,36.75,,
TEM,"Tempus AI, Inc.",NASDAQ,Technology,"Computer Software: Programming, Data Processing",46.49,46.49,4302521.0,8292300940.0,64.0,https://api.nasdaq.com/api/quote/TEM/summary?assetclass=stocks,/home/hermes/market-funnel/nasdaq_summary_archive/20260523T034226Z/symbols/TEM/nasdaq_summary.json,https://www.barchart.com/stocks/quotes/TEM/overview,TRUE,0,,68.45,71.96,20.0,20.89,97.96,60.65,,
TENB,"Tenable Holdings, Inc.",NASDAQ,Technology,Computer Software: Prepackaged Software,25.17,25.17,3798607.0,2806421713.0,27.0,https://api.nasdaq.com/api/quote/TENB/summary?assetclass=stocks,/home/hermes/market-funnel/nasdaq_summary_archive/20260523T034226Z/symbols/TENB/nasdaq_summary.json,https://www.barchart.com/stocks/quotes/TENB/overview,TRUE,0,,56.59,50.81,64.0,41.5,96.27,28.44,,
TGTX,"TG THERAPEUTICS, INC.",NASDAQ,Health Care,Biotechnology: Pharmaceutical Preparations,39.24,39.24,1358543.0,5950358755.0,50.0,https://api.nasdaq.com/api/quote/TGTX/summary?assetclass=stocks,/home/hermes/market-funnel/nasdaq_summary_archive/20260523T034226Z/symbols/TGTX/nasdaq_summary.json,https://www.barchart.com/stocks/quotes/TGTX/overview,TRUE,0,,41.12,57.99,1.0,0.6,111.36,40.7,,
TMDX,"TransMedics Group, Inc.",NASDAQ,Health Care,Biotechnology: Electromedical & Electrotherapeutic Apparatus,68.85,68.85,1152218.0,2382456400.0,120.0,https://api.nasdaq.com/api/quote/TMDX/summary?assetclass=stocks,/home/hermes/market-funnel/nasdaq_summary_archive/20260523T034226Z/symbols/TMDX/nasdaq_summary.json,https://www.barchart.com/stocks/quotes/TMDX/overview,TRUE,0,,64.19,91.21,59.0,35.68,100.33,44.14,,
TNDM,TANDEM DIABETES CARE INC,NASDAQ,Health Care,Medical/Dental Instruments,15.76,15.76,1989793.0,1025537817.0,28.0,https://api.nasdaq.com/api/quote/TNDM/summary?assetclass=stocks,/home/hermes/market-funnel/nasdaq_summary_archive/20260523T034226Z/symbols/TNDM/nasdaq_summary.json,https://www.barchart.com/stocks/quotes/TNDM/overview,TRUE,0,,71.43,85.84,42.0,27.17,125.46,51.27,,
TNGX,"Tango Therapeutics, Inc.",NASDAQ,Health Care,Biotechnology: Pharmaceutical Preparations,21.62,21.62,1651476.0,2927675156.0,30.0,https://api.nasdaq.com/api/quote/TNGX/summary?assetclass=stocks,/home/hermes/market-funnel/nasdaq_summary_archive/20260523T034226Z/symbols/TNGX/nasdaq_summary.json,https://www.barchart.com/stocks/quotes/TNGX/overview,TRUE,0,,118.41,97.4,7.0,16.95,538.02,32.8,,
TPG,TPG Inc.,NASDAQ,Finance,Investment Managers,41.75,41.75,1786118.0,15995079757.0,58.0,https://api.nasdaq.com/api/quote/TPG/summary?assetclass=stocks,/home/hermes/market-funnel/nasdaq_summary_archive/20260523T034226Z/symbols/TPG/nasdaq_summary.json,https://www.barchart.com/stocks/quotes/TPG/overview,TRUE,0,,45.37,39.9,69.0,50.33,62.07,28.45,,
TRMB,TRIMBLE INC.,NASDAQ,Industrials,Industrial Machinery/Components,55.97,55.97,2181630.0,13133502980.0,87.0,https://api.nasdaq.com/api/quote/TRMB/summary?assetclass=stocks,/home/hermes/market-funnel/nasdaq_summary_archive/20260523T034226Z/symbols/TRMB/nasdaq_summary.json,https://www.barchart.com/stocks/quotes/TRMB/overview,TRUE,0,,35.86,34.48,61.0,52.37,49.02,21.38,,
TRMD,TORM plc,NASDAQ,Consumer Discretionary,Marine Transportation,32.49,32.49,1145332.0,3170700402.0,35.0,https://api.nasdaq.com/api/quote/TRMD/summary?assetclass=stocks,/home/hermes/market-funnel/nasdaq_summary_archive/20260523T034226Z/symbols/TRMD/nasdaq_summary.json,https://www.barchart.com/stocks/quotes/TRMD/overview,TRUE,0,,46.26,41.27,66.0,51.86,64.23,26.91,,
TRVI,"Trevi Therapeutics, Inc.",NASDAQ,Health Care,Biotechnology: Pharmaceutical Preparations,14.16,14.16,1323236.0,2006173274.0,24.0,https://api.nasdaq.com/api/quote/TRVI/summary?assetclass=stocks,/home/hermes/market-funnel/nasdaq_summary_archive/20260523T034226Z/symbols/TRVI/nasdaq_summary.json,https://www.barchart.com/stocks/quotes/TRVI/overview,TRUE,0,,68.17,47.41,23.0,9.97,263.53,46.53,,
TSCO,TRACTOR SUPPLY CO /DE/,NASDAQ,Consumer Discretionary,RETAIL: Building Materials,31.67,31.67,7566591.0,16583096858.0,47.0,https://api.nasdaq.com/api/quote/TSCO/summary?assetclass=stocks,/home/hermes/market-funnel/nasdaq_summary_archive/20260523T034226Z/symbols/TSCO/nasdaq_summary.json,https://www.barchart.com/stocks/quotes/TSCO/overview,TRUE,0,,41.73,44.67,97.0,89.12,44.48,19.17,,
TTD,"Trade Desk, Inc.",NASDAQ,Technology,"Computer Software: Programming, Data Processing",21.28,21.28,16293641.0,10521025119.0,25.0,https://api.nasdaq.com/api/quote/TTD/summary?assetclass=stocks,/home/hermes/market-funnel/nasdaq_summary_archive/20260523T034226Z/symbols/TTD/nasdaq_summary.json,https://www.barchart.com/stocks/quotes/TTD/overview,TRUE,0,,61.15,58.63,47.0,38.4,98.18,38.06,,
TTEK,TETRA TECH INC,NASDAQ,Consumer Discretionary,Military/Government/Technical,27.25,27.25,2679638.0,7175857927.0,40.0,https://api.nasdaq.com/api/quote/TTEK/summary?assetclass=stocks,/home/hermes/market-funnel/nasdaq_summary_archive/20260523T034226Z/symbols/TTEK/nasdaq_summary.json,https://www.barchart.com/stocks/quotes/TTEK/overview,TRUE,0,,44.6,29.6,81.0,53.13,60.91,26.12,,
TWST,Twist Bioscience Corp,NASDAQ,Health Care,Biotechnology: Biological Products (No Diagnostic Substances),58.835,58.835,1618078.0,3771773489.0,65.5,https://api.nasdaq.com/api/quote/TWST/summary?assetclass=stocks,/home/hermes/market-funnel/nasdaq_summary_archive/20260523T034226Z/symbols/TWST/nasdaq_summary.json,https://www.barchart.com/stocks/quotes/TWST/overview,TRUE,0,,74.44,74.72,16.0,28.14,117.2,57.69,,
TXG,"10x Genomics, Inc.",NASDAQ,Industrials,Biotechnology: Laboratory Analytical Instruments,24.68,24.68,3799021.0,3006322556.0,24.0,https://api.nasdaq.com/api/quote/TXG/summary?assetclass=stocks,/home/hermes/market-funnel/nasdaq_summary_archive/20260523T034226Z/symbols/TXG/nasdaq_summary.json,https://www.barchart.com/stocks/quotes/TXG/overview,TRUE,0,,61.62,63.44,1.0,17.08,112.74,51.09,,
UNIT,Uniti Group Inc.,NASDAQ,Real Estate,Real Estate Investment Trusts,11.12,11.12,1199380.0,2680684798.0,11.38,https://api.nasdaq.com/api/quote/UNIT/summary?assetclass=stocks,/home/hermes/market-funnel/nasdaq_summary_archive/20260523T034226Z/symbols/UNIT/nasdaq_summary.json,https://www.barchart.com/stocks/quotes/UNIT/overview,TRUE,0,,40.12,32.26,2.0,5.88,106.65,35.97,,
UPST,"Upstart Holdings, Inc.",NASDAQ,Finance,Finance: Consumer Services,28.85,28.85,3263023.0,2733522411.0,36.0,https://api.nasdaq.com/api/quote/UPST/summary?assetclass=stocks,/home/hermes/market-funnel/nasdaq_summary_archive/20260523T034226Z/symbols/UPST/nasdaq_summary.json,https://www.barchart.com/stocks/quotes/UPST/overview,TRUE,0,,71.77,70.98,42.0,22.72,114.66,59.16,,
URBN,URBAN OUTFITTERS INC,NASDAQ,Consumer Discretionary,Clothing/Shoe/Accessory Stores,73.76,73.76,1250489.0,6455808934.0,82.5,https://api.nasdaq.com/api/quote/URBN/summary?assetclass=stocks,/home/hermes/market-funnel/nasdaq_summary_archive/20260523T034226Z/symbols/URBN/nasdaq_summary.json,https://www.barchart.com/stocks/quotes/URBN/overview,TRUE,0,,43.49,40.03,42.0,31.75,68.71,31.76,,
USAR,"USA Rare Earth, Inc.",NASDAQ,Basic Materials,Metal Mining,24.29,24.29,18253936.0,5642794760.0,35.0,https://api.nasdaq.com/api/quote/USAR/summary?assetclass=stocks,/home/hermes/market-funnel/nasdaq_summary_archive/20260523T034226Z/symbols/USAR/nasdaq_summary.json,https://www.barchart.com/stocks/quotes/USAR/overview,TRUE,0,,105.2,109.17,35.0,15.91,190.34,89.09,,
VCYT,"VERACYTE, INC.",NASDAQ,Health Care,Medical Specialities,45.19,45.19,1398703.0,3593062894.0,48.0,https://api.nasdaq.com/api/quote/VCYT/summary?assetclass=stocks,/home/hermes/market-funnel/nasdaq_summary_archive/20260523T034226Z/symbols/VCYT/nasdaq_summary.json,https://www.barchart.com/stocks/quotes/VCYT/overview,TRUE,0,,63.41,77.51,39.0,35.82,101.25,42.3,,
VIAV,VIAVI SOLUTIONS INC.,NASDAQ,Technology,Semiconductors,48.98,48.98,4588740.0,11580778644.0,65.0,https://api.nasdaq.com/api/quote/VIAV/summary?assetclass=stocks,/home/hermes/market-funnel/nasdaq_summary_archive/20260523T034226Z/symbols/VIAV/nasdaq_summary.json,https://www.barchart.com/stocks/quotes/VIAV/overview,TRUE,0,,88.77,68.65,90.0,69.65,115.13,28.28,,
VISN,"Vistance Networks, Inc.",NASDAQ,Technology,Radio And Television Broadcasting And Communications Equipment,11.9,11.9,5016346.0,2774506461.0,17.0,https://api.nasdaq.com/api/quote/VISN/summary?assetclass=stocks,/home/hermes/market-funnel/nasdaq_summary_archive/20260523T034226Z/symbols/VISN/nasdaq_summary.json,https://www.barchart.com/stocks/quotes/VISN/overview,TRUE,0,,39.74,207.4,20.0,8.85,142.51,29.77,,
VKTX,"Viking Therapeutics, Inc.",NASDAQ,Health Care,Biotechnology: Pharmaceutical Preparations,30.68,30.68,1222923.0,3586503312.0,97.5,https://api.nasdaq.com/api/quote/VKTX/summary?assetclass=stocks,/home/hermes/market-funnel/nasdaq_summary_archive/20260523T034226Z/symbols/VKTX/nasdaq_summary.json,https://www.barchart.com/stocks/quotes/VKTX/overview,TRUE,0,,55.84,42.57,1.0,0.58,170.22,55.17,,
VLY,VALLEY NATIONAL BANCORP,NASDAQ,Finance,Major Banks,13.41,13.41,5232833.0,7508481527.0,16.0,https://api.nasdaq.com/api/quote/VLY/summary?assetclass=stocks,/home/hermes/market-funnel/nasdaq_summary_archive/20260523T034226Z/symbols/VLY/nasdaq_summary.json,https://www.barchart.com/stocks/quotes/VLY/overview,TRUE,0,,30.46,24.8,12.0,10.84,53.85,27.62,,
VNOM,"Viper Energy, Inc.",NASDAQ,Energy,Oil & Gas Production,46.95,46.95,1672341.0,16834708602.0,58.0,https://api.nasdaq.com/api/quote/VNOM/summary?assetclass=stocks,/home/hermes/market-funnel/nasdaq_summary_archive/20260523T034226Z/symbols/VNOM/nasdaq_summary.json,https://www.barchart.com/stocks/quotes/VNOM/overview,TRUE,0,,30.89,28.96,12.0,13.58,48.43,28.14,,
VOD,VODAFONE GROUP PUBLIC LTD CO,NASDAQ,Telecommunications,Telecommunications Equipment,15.11,15.11,2416927.0,35495958520.0,11.58,https://api.nasdaq.com/api/quote/VOD/summary?assetclass=stocks,/home/hermes/market-funnel/nasdaq_summary_archive/20260523T034226Z/symbols/VOD/nasdaq_summary.json,https://www.barchart.com/stocks/quotes/VOD/overview,TRUE,0,,28.09,37.19,39.0,7.69,179.63,15.47,,
VRDN,"Viridian Therapeutics, Inc.\DE",NASDAQ,Health Care,Medical Specialities,17.69,17.69,2799319.0,1777008518.0,34.5,https://api.nasdaq.com/api/quote/VRDN/summary?assetclass=stocks,/home/hermes/market-funnel/nasdaq_summary_archive/20260523T034226Z/symbols/VRDN/nasdaq_summary.json,https://www.barchart.com/stocks/quotes/VRDN/overview,TRUE,0,,114.72,96.57,72.0,38.52,214.65,52.12,,
VRNS,VARONIS SYSTEMS INC,NASDAQ,Technology,Computer Software: Prepackaged Software,30.66,30.66,1531435.0,3559238650.0,36.0,https://api.nasdaq.com/api/quote/VRNS/summary?assetclass=stocks,/home/hermes/market-funnel/nasdaq_summary_archive/20260523T034226Z/symbols/VRNS/nasdaq_summary.json,https://www.barchart.com/stocks/quotes/VRNS/overview,TRUE,0,,56.65,46.2,62.0,42.59,99.8,24.63,,
VRRM,VERRA MOBILITY Corp,NASDAQ,Consumer Discretionary,Transportation Services,13.37,13.37,1704331.0,2049220749.0,22.0,https://api.nasdaq.com/api/quote/VRRM/summary?assetclass=stocks,/home/hermes/market-funnel/nasdaq_summary_archive/20260523T034226Z/symbols/VRRM/nasdaq_summary.json,https://www.barchart.com/stocks/quotes/VRRM/overview,TRUE,0,,45.32,23.9,72.0,63.78,59.11,21.06,,
VSAT,VIASAT INC,NASDAQ,Technology,Radio And Television Broadcasting And Communications Equipment,70.76,70.76,2301035.0,10127589259.0,54.5,https://api.nasdaq.com/api/quote/VSAT/summary?assetclass=stocks,/home/hermes/market-funnel/nasdaq_summary_archive/20260523T034226Z/symbols/VSAT/nasdaq_summary.json,https://www.barchart.com/stocks/quotes/VSAT/overview,TRUE,0,,93.53,59.95,88.0,59.89,111.42,66.81,,
VSNT,"Versant Media Group, Inc.",NASDAQ,Industrials,Broadcasting,42.13,42.13,1638557.0,6037720300.0,43.0,https://api.nasdaq.com/api/quote/VSNT/summary?assetclass=stocks,/home/hermes/market-funnel/nasdaq_summary_archive/20260523T034226Z/symbols/VSNT/nasdaq_summary.json,https://www.barchart.com/stocks/quotes/VSNT/overview,TRUE,0,,35.75,37.89,7.0,6.63,76.78,32.84,,
VTRS,Viatris Inc,NASDAQ,Health Care,Biotechnology: Pharmaceutical Preparations,16.34,16.34,7362478.0,19389801689.0,18.0,https://api.nasdaq.com/api/quote/VTRS/summary?assetclass=stocks,/home/hermes/market-funnel/nasdaq_summary_archive/20260523T034226Z/symbols/VTRS/nasdaq_summary.json,https://www.barchart.com/stocks/quotes/VTRS/overview,TRUE,0,,31.42,36.16,19.0,18.06,54.04,26.44,,
WAY,Waystar Holding Corp.,NASDAQ,Technology,EDP Services,18.835,18.835,2132910.0,3753778277.0,34.0,https://api.nasdaq.com/api/quote/WAY/summary?assetclass=stocks,/home/hermes/market-funnel/nasdaq_summary_archive/20260523T034226Z/symbols/WAY/nasdaq_summary.json,https://www.barchart.com/stocks/quotes/WAY/overview,TRUE,0,,53.11,73.37,66.0,42.06,79.23,34.14,,
WBD,"Warner Bros. Discovery, Inc.",NASDAQ,Consumer Discretionary,Services-Misc. Amusement & Recreation,27.1,27.1,19347609.0,67767905055.0,31.0,https://api.nasdaq.com/api/quote/WBD/summary?assetclass=stocks,/home/hermes/market-funnel/nasdaq_summary_archive/20260523T034226Z/symbols/WBD/nasdaq_summary.json,https://www.barchart.com/stocks/quotes/WBD/overview,TRUE,0,,20.29,9.28,22.0,10.37,110.42,9.85,,
WGS,GeneDx Holdings Corp.,NASDAQ,Technology,Retail: Computer Software & Peripheral Equipment,47.33,47.33,1089442.0,1404540557.0,75.0,https://api.nasdaq.com/api/quote/WGS/summary?assetclass=stocks,/home/hermes/market-funnel/nasdaq_summary_archive/20260523T034226Z/symbols/WGS/nasdaq_summary.json,https://www.barchart.com/stocks/quotes/WGS/overview,TRUE,0,,76.21,208.58,52.0,28.31,133.95,53.41,,
WIX,Wix.com Ltd.,NASDAQ,Technology,"Computer Software: Programming, Data Processing",55.24,55.24,1866982.0,2927974025.0,85.5,https://api.nasdaq.com/api/quote/WIX/summary?assetclass=stocks,/home/hermes/market-funnel/nasdaq_summary_archive/20260523T034226Z/symbols/WIX/nasdaq_summary.json,https://www.barchart.com/stocks/quotes/WIX/overview,TRUE,0,,78.61,112.24,86.0,75.15,93.04,34.98,,
WMG,Warner Music Group Corp.,NASDAQ,Consumer Discretionary,Services-Misc. Amusement & Recreation,34.58,34.58,3104957.0,18110491132.0,39.5,https://api.nasdaq.com/api/quote/WMG/summary?assetclass=stocks,/home/hermes/market-funnel/nasdaq_summary_archive/20260523T034226Z/symbols/WMG/nasdaq_summary.json,https://www.barchart.com/stocks/quotes/WMG/overview,TRUE,0,,32.32,35.64,39.0,42.38,48.97,20.08,,
WSC,WillScot Holdings Corp,NASDAQ,Industrials,Misc Corporate Leasing Services,24.14,24.14,1649184.0,4485048146.0,27.0,https://api.nasdaq.com/api/quote/WSC/summary?assetclass=stocks,/home/hermes/market-funnel/nasdaq_summary_archive/20260523T034226Z/symbols/WSC/nasdaq_summary.json,https://www.barchart.com/stocks/quotes/WSC/overview,TRUE,0,,48.26,71.74,27.0,18.25,92.88,38.3,,
WULF,TERAWULF INC.,NASDAQ,Technology,EDP Services,22.92,22.92,20787625.0,11308054959.0,30.0,https://api.nasdaq.com/api/quote/WULF/summary?assetclass=stocks,/home/hermes/market-funnel/nasdaq_summary_archive/20260523T034226Z/symbols/WULF/nasdaq_summary.json,https://www.barchart.com/stocks/quotes/WULF/overview,TRUE,0,,88.37,74.26,8.0,10.54,163.28,79.55,,
WYFI,"WhiteFiber, Inc.",NASDAQ,Finance,Finance: Consumer Services,29.55,29.55,1805681.0,1165763181.0,33.5,https://api.nasdaq.com/api/quote/WYFI/summary?assetclass=stocks,/home/hermes/market-funnel/nasdaq_summary_archive/20260523T034226Z/symbols/WYFI/nasdaq_summary.json,https://www.barchart.com/stocks/quotes/WYFI/overview,TRUE,0,,142.93,128.64,88.0,61.75,168.1,102.29,,
XE,"X-Energy, Inc.",NASDAQ,Industrials,Metal Fabrications,29.0,29.0,2874397.0,11193441711.0,38.0,https://api.nasdaq.com/api/quote/XE/summary?assetclass=stocks,/home/hermes/market-funnel/nasdaq_summary_archive/20260523T034226Z/symbols/XE/nasdaq_summary.json,https://www.barchart.com/stocks/quotes/XE/overview,TRUE,2,,107.5,,16.0,11.31,130.53,104.56,,barchart_historical_volatility
XNDU,Xanadu Quantum Technologies Ltd,NASDAQ,Technology,Computer Manufacturing,14.45,14.45,8401995.0,4531402506.0,44.0,https://api.nasdaq.com/api/quote/XNDU/summary?assetclass=stocks,/home/hermes/market-funnel/nasdaq_summary_archive/20260523T034226Z/symbols/XNDU/nasdaq_summary.json,https://www.barchart.com/stocks/quotes/XNDU/overview,TRUE,2,,142.9,388.95,0.0,0.0,274.04,142.9,,"barchart_iv_percentile,barchart_iv_rank"
XP,XP Inc.,NASDAQ,Finance,Investment Bankers/Brokers/Service,17.92,17.92,7863544.0,8718006814.0,26.0,https://api.nasdaq.com/api/quote/XP/summary?assetclass=stocks,/home/hermes/market-funnel/nasdaq_summary_archive/20260523T034226Z/symbols/XP/nasdaq_summary.json,https://www.barchart.com/stocks/quotes/XP/overview,TRUE,0,,49.41,48.75,41.0,12.3,159.54,33.96,,
Z,"ZILLOW GROUP, INC.",NASDAQ,Consumer Discretionary,Business Services,36.75,36.75,2902233.0,8314657775.0,66.5,https://api.nasdaq.com/api/quote/Z/summary?assetclass=stocks,/home/hermes/market-funnel/nasdaq_summary_archive/20260523T034226Z/symbols/Z/nasdaq_summary.json,https://www.barchart.com/stocks/quotes/Z/overview,TRUE,0,,54.72,42.12,61.0,56.37,74.47,29.21,,
